[2026-04-07T16:03:06.440Z]
{
  "action": "webhook_post_start",
  "url": "https://localhost/bebots/webhook/wapi",
  "instance": "5363511379",
  "type": "CONNECTION_UPDATE",
  "data": {
    "dataType": "object",
    "isArray": false,
    "keys": [
      "connection",
      "receivedPendingNotifications",
      "qr"
    ]
  }
}
----
[2026-04-07T16:03:06.513Z]
{
  "action": "webhook_post_result",
  "url": "https://localhost/bebots/webhook/wapi",
  "instance": "5363511379",
  "type": "CONNECTION_UPDATE",
  "status": 200,
  "response": ""
}
----
[2026-04-07T16:03:09.239Z]
{
  "action": "webhook_post_start",
  "url": "https://localhost/bebots/webhook/wapi",
  "instance": "5363511379",
  "type": "CONNECTION_UPDATE",
  "data": {
    "dataType": "object",
    "isArray": false,
    "keys": [
      "isOnline"
    ]
  }
}
----
[2026-04-07T16:03:09.239Z]
{
  "action": "webhook_post_start",
  "url": "https://localhost/bebots/webhook/wapi",
  "instance": "5363511379",
  "type": "CONNECTION_UPDATE",
  "data": {
    "dataType": "object",
    "isArray": false,
    "keys": [
      "connection"
    ]
  }
}
----
[2026-04-07T16:03:09.314Z]
{
  "action": "webhook_post_result",
  "url": "https://localhost/bebots/webhook/wapi",
  "instance": "5363511379",
  "type": "CONNECTION_UPDATE",
  "status": 200,
  "response": ""
}
----
[2026-04-07T16:03:09.331Z]
{
  "action": "webhook_post_result",
  "url": "https://localhost/bebots/webhook/wapi",
  "instance": "5363511379",
  "type": "CONNECTION_UPDATE",
  "status": 200,
  "response": ""
}
----
[2026-04-07T16:03:09.814Z]
{
  "action": "webhook_post_start",
  "url": "https://localhost/bebots/webhook/wapi",
  "instance": "5363511379",
  "type": "CONNECTION_UPDATE",
  "data": {
    "dataType": "object",
    "isArray": false,
    "keys": [
      "receivedPendingNotifications"
    ]
  }
}
----
[2026-04-07T16:03:09.870Z]
{
  "action": "webhook_post_result",
  "url": "https://localhost/bebots/webhook/wapi",
  "instance": "5363511379",
  "type": "CONNECTION_UPDATE",
  "status": 200,
  "response": ""
}
----
[2026-04-07T16:03:09.927Z]
{
  "action": "webhook_post_start",
  "url": "https://localhost/bebots/webhook/wapi",
  "instance": "5363511379",
  "type": "CONTACTS_UPSERT",
  "data": {
    "dataType": "object",
    "isArray": true,
    "length": 1,
    "firstKeys": [
      "id",
      "name",
      "lid",
      "phoneNumber"
    ]
  }
}
----
[2026-04-07T16:03:09.981Z]
{
  "action": "webhook_post_result",
  "url": "https://localhost/bebots/webhook/wapi",
  "instance": "5363511379",
  "type": "CONTACTS_UPSERT",
  "status": 200,
  "response": ""
}
----
[2026-04-07T16:05:32.115Z]
{
  "action": "webhook_post_start",
  "url": "https://localhost/bebots/webhook/wapi",
  "instance": "5363511379",
  "type": "CONNECTION_UPDATE",
  "data": {
    "dataType": "object",
    "isArray": false,
    "keys": [
      "connection",
      "receivedPendingNotifications",
      "qr"
    ]
  }
}
----
[2026-04-07T16:05:32.175Z]
{
  "action": "webhook_post_result",
  "url": "https://localhost/bebots/webhook/wapi",
  "instance": "5363511379",
  "type": "CONNECTION_UPDATE",
  "status": 200,
  "response": ""
}
----
[2026-04-07T16:05:33.847Z]
{
  "action": "webhook_post_start",
  "url": "https://localhost/bebots/webhook/wapi",
  "instance": "5363511379",
  "type": "CONNECTION_UPDATE",
  "data": {
    "dataType": "object",
    "isArray": false,
    "keys": [
      "connection",
      "lastDisconnect"
    ]
  }
}
----
[2026-04-07T16:05:34.136Z]
{
  "action": "webhook_post_result",
  "url": "https://localhost/bebots/webhook/wapi",
  "instance": "5363511379",
  "type": "CONNECTION_UPDATE",
  "status": 200,
  "response": ""
}
----
[2026-04-07T16:05:34.834Z]
{
  "action": "webhook_post_start",
  "url": "https://localhost/bebots/webhook/wapi",
  "instance": "5363511379",
  "type": "CONNECTION_UPDATE",
  "data": {
    "dataType": "object",
    "isArray": false,
    "keys": [
      "connection"
    ]
  }
}
----
[2026-04-07T16:05:34.834Z]
{
  "action": "webhook_post_start",
  "url": "https://localhost/bebots/webhook/wapi",
  "instance": "5363511379",
  "type": "CONNECTION_UPDATE",
  "data": {
    "dataType": "object",
    "isArray": false,
    "keys": [
      "isOnline"
    ]
  }
}
----
[2026-04-07T16:05:34.834Z]
{
  "action": "webhook_post_start",
  "url": "https://localhost/bebots/webhook/wapi",
  "instance": "5363511379",
  "type": "CONNECTION_UPDATE",
  "data": {
    "dataType": "object",
    "isArray": false,
    "keys": [
      "receivedPendingNotifications"
    ]
  }
}
----
[2026-04-07T16:05:34.884Z]
{
  "action": "webhook_post_result",
  "url": "https://localhost/bebots/webhook/wapi",
  "instance": "5363511379",
  "type": "CONNECTION_UPDATE",
  "status": 200,
  "response": ""
}
----
[2026-04-07T16:05:34.893Z]
{
  "action": "webhook_post_result",
  "url": "https://localhost/bebots/webhook/wapi",
  "instance": "5363511379",
  "type": "CONNECTION_UPDATE",
  "status": 200,
  "response": ""
}
----
[2026-04-07T16:05:34.926Z]
{
  "action": "webhook_post_result",
  "url": "https://localhost/bebots/webhook/wapi",
  "instance": "5363511379",
  "type": "CONNECTION_UPDATE",
  "status": 200,
  "response": ""
}
----
[2026-04-07T16:05:39.848Z]
{
  "action": "webhook_post_start",
  "url": "https://localhost/bebots/webhook/wapi",
  "instance": "5363511379",
  "type": "CONNECTION_UPDATE",
  "data": {
    "dataType": "object",
    "isArray": false,
    "keys": [
      "connection",
      "receivedPendingNotifications",
      "qr"
    ]
  }
}
----
[2026-04-07T16:05:39.902Z]
{
  "action": "webhook_post_result",
  "url": "https://localhost/bebots/webhook/wapi",
  "instance": "5363511379",
  "type": "CONNECTION_UPDATE",
  "status": 200,
  "response": ""
}
----
[2026-04-07T16:05:42.609Z]
{
  "action": "webhook_post_start",
  "url": "https://localhost/bebots/webhook/wapi",
  "instance": "5363511379",
  "type": "CONNECTION_UPDATE",
  "data": {
    "dataType": "object",
    "isArray": false,
    "keys": [
      "connection",
      "lastDisconnect"
    ]
  }
}
----
[2026-04-07T16:05:42.886Z]
{
  "action": "webhook_post_result",
  "url": "https://localhost/bebots/webhook/wapi",
  "instance": "5363511379",
  "type": "CONNECTION_UPDATE",
  "status": 200,
  "response": ""
}
----
[2026-04-07T16:05:43.577Z]
{
  "action": "webhook_post_start",
  "url": "https://localhost/bebots/webhook/wapi",
  "instance": "5363511379",
  "type": "CONNECTION_UPDATE",
  "data": {
    "dataType": "object",
    "isArray": false,
    "keys": [
      "isOnline"
    ]
  }
}
----
[2026-04-07T16:05:43.577Z]
{
  "action": "webhook_post_start",
  "url": "https://localhost/bebots/webhook/wapi",
  "instance": "5363511379",
  "type": "CONNECTION_UPDATE",
  "data": {
    "dataType": "object",
    "isArray": false,
    "keys": [
      "connection"
    ]
  }
}
----
[2026-04-07T16:05:43.577Z]
{
  "action": "webhook_post_start",
  "url": "https://localhost/bebots/webhook/wapi",
  "instance": "5363511379",
  "type": "CONNECTION_UPDATE",
  "data": {
    "dataType": "object",
    "isArray": false,
    "keys": [
      "receivedPendingNotifications"
    ]
  }
}
----
[2026-04-07T16:05:43.629Z]
{
  "action": "webhook_post_result",
  "url": "https://localhost/bebots/webhook/wapi",
  "instance": "5363511379",
  "type": "CONNECTION_UPDATE",
  "status": 200,
  "response": ""
}
----
[2026-04-07T16:05:43.632Z]
{
  "action": "webhook_post_result",
  "url": "https://localhost/bebots/webhook/wapi",
  "instance": "5363511379",
  "type": "CONNECTION_UPDATE",
  "status": 200,
  "response": ""
}
----
[2026-04-07T16:05:43.638Z]
{
  "action": "webhook_post_result",
  "url": "https://localhost/bebots/webhook/wapi",
  "instance": "5363511379",
  "type": "CONNECTION_UPDATE",
  "status": 200,
  "response": ""
}
----
[2026-04-07T16:05:48.475Z]
{
  "action": "webhook_post_start",
  "url": "https://localhost/bebots/webhook/wapi",
  "instance": "5363511379",
  "type": "CONNECTION_UPDATE",
  "data": {
    "dataType": "object",
    "isArray": false,
    "keys": [
      "connection",
      "receivedPendingNotifications",
      "qr"
    ]
  }
}
----
[2026-04-07T16:05:48.540Z]
{
  "action": "webhook_post_result",
  "url": "https://localhost/bebots/webhook/wapi",
  "instance": "5363511379",
  "type": "CONNECTION_UPDATE",
  "status": 200,
  "response": ""
}
----
[2026-04-07T16:05:50.380Z]
{
  "action": "webhook_post_start",
  "url": "https://localhost/bebots/webhook/wapi",
  "instance": "5363511379",
  "type": "CONNECTION_UPDATE",
  "data": {
    "dataType": "object",
    "isArray": false,
    "keys": [
      "connection",
      "lastDisconnect"
    ]
  }
}
----
[2026-04-07T16:05:50.666Z]
{
  "action": "webhook_post_result",
  "url": "https://localhost/bebots/webhook/wapi",
  "instance": "5363511379",
  "type": "CONNECTION_UPDATE",
  "status": 200,
  "response": ""
}
----
[2026-04-07T16:05:52.181Z]
{
  "action": "webhook_post_start",
  "url": "https://localhost/bebots/webhook/wapi",
  "instance": "5363511379",
  "type": "CONNECTION_UPDATE",
  "data": {
    "dataType": "object",
    "isArray": false,
    "keys": [
      "isOnline"
    ]
  }
}
----
[2026-04-07T16:05:52.181Z]
{
  "action": "webhook_post_start",
  "url": "https://localhost/bebots/webhook/wapi",
  "instance": "5363511379",
  "type": "CONNECTION_UPDATE",
  "data": {
    "dataType": "object",
    "isArray": false,
    "keys": [
      "connection"
    ]
  }
}
----
[2026-04-07T16:05:52.240Z]
{
  "action": "webhook_post_result",
  "url": "https://localhost/bebots/webhook/wapi",
  "instance": "5363511379",
  "type": "CONNECTION_UPDATE",
  "status": 200,
  "response": ""
}
----
[2026-04-07T16:05:52.240Z]
{
  "action": "webhook_post_result",
  "url": "https://localhost/bebots/webhook/wapi",
  "instance": "5363511379",
  "type": "CONNECTION_UPDATE",
  "status": 200,
  "response": ""
}
----
[2026-04-07T16:05:52.309Z]
{
  "action": "webhook_post_start",
  "url": "https://localhost/bebots/webhook/wapi",
  "instance": "5363511379",
  "type": "CONNECTION_UPDATE",
  "data": {
    "dataType": "object",
    "isArray": false,
    "keys": [
      "receivedPendingNotifications"
    ]
  }
}
----
[2026-04-07T16:05:52.367Z]
{
  "action": "webhook_post_result",
  "url": "https://localhost/bebots/webhook/wapi",
  "instance": "5363511379",
  "type": "CONNECTION_UPDATE",
  "status": 200,
  "response": ""
}
----
[2026-04-07T16:05:56.974Z]
{
  "action": "webhook_post_start",
  "url": "https://localhost/bebots/webhook/wapi",
  "instance": "5363511379",
  "type": "CONNECTION_UPDATE",
  "data": {
    "dataType": "object",
    "isArray": false,
    "keys": [
      "connection",
      "receivedPendingNotifications",
      "qr"
    ]
  }
}
----
[2026-04-07T16:05:57.033Z]
{
  "action": "webhook_post_result",
  "url": "https://localhost/bebots/webhook/wapi",
  "instance": "5363511379",
  "type": "CONNECTION_UPDATE",
  "status": 200,
  "response": ""
}
----
[2026-04-07T16:05:58.954Z]
{
  "action": "webhook_post_start",
  "url": "https://localhost/bebots/webhook/wapi",
  "instance": "5363511379",
  "type": "CONNECTION_UPDATE",
  "data": {
    "dataType": "object",
    "isArray": false,
    "keys": [
      "connection",
      "lastDisconnect"
    ]
  }
}
----
[2026-04-07T16:05:59.244Z]
{
  "action": "webhook_post_result",
  "url": "https://localhost/bebots/webhook/wapi",
  "instance": "5363511379",
  "type": "CONNECTION_UPDATE",
  "status": 200,
  "response": ""
}
----
[2026-04-07T16:05:59.747Z]
{
  "action": "webhook_post_start",
  "url": "https://localhost/bebots/webhook/wapi",
  "instance": "5363511379",
  "type": "CONNECTION_UPDATE",
  "data": {
    "dataType": "object",
    "isArray": false,
    "keys": [
      "isOnline"
    ]
  }
}
----
[2026-04-07T16:05:59.747Z]
{
  "action": "webhook_post_start",
  "url": "https://localhost/bebots/webhook/wapi",
  "instance": "5363511379",
  "type": "CONNECTION_UPDATE",
  "data": {
    "dataType": "object",
    "isArray": false,
    "keys": [
      "receivedPendingNotifications"
    ]
  }
}
----
[2026-04-07T16:05:59.747Z]
{
  "action": "webhook_post_start",
  "url": "https://localhost/bebots/webhook/wapi",
  "instance": "5363511379",
  "type": "CONNECTION_UPDATE",
  "data": {
    "dataType": "object",
    "isArray": false,
    "keys": [
      "connection"
    ]
  }
}
----
[2026-04-07T16:05:59.800Z]
{
  "action": "webhook_post_result",
  "url": "https://localhost/bebots/webhook/wapi",
  "instance": "5363511379",
  "type": "CONNECTION_UPDATE",
  "status": 200,
  "response": ""
}
----
[2026-04-07T16:05:59.803Z]
{
  "action": "webhook_post_result",
  "url": "https://localhost/bebots/webhook/wapi",
  "instance": "5363511379",
  "type": "CONNECTION_UPDATE",
  "status": 200,
  "response": ""
}
----
[2026-04-07T16:05:59.822Z]
{
  "action": "webhook_post_result",
  "url": "https://localhost/bebots/webhook/wapi",
  "instance": "5363511379",
  "type": "CONNECTION_UPDATE",
  "status": 200,
  "response": ""
}
----
[2026-04-07T16:06:04.998Z]
{
  "action": "webhook_post_start",
  "url": "https://localhost/bebots/webhook/wapi",
  "instance": "5363511379",
  "type": "CONNECTION_UPDATE",
  "data": {
    "dataType": "object",
    "isArray": false,
    "keys": [
      "connection",
      "receivedPendingNotifications",
      "qr"
    ]
  }
}
----
[2026-04-07T16:06:05.064Z]
{
  "action": "webhook_post_result",
  "url": "https://localhost/bebots/webhook/wapi",
  "instance": "5363511379",
  "type": "CONNECTION_UPDATE",
  "status": 200,
  "response": ""
}
----
[2026-04-07T16:06:06.950Z]
{
  "action": "webhook_post_start",
  "url": "https://localhost/bebots/webhook/wapi",
  "instance": "5363511379",
  "type": "CONNECTION_UPDATE",
  "data": {
    "dataType": "object",
    "isArray": false,
    "keys": [
      "connection",
      "lastDisconnect"
    ]
  }
}
----
[2026-04-07T16:06:07.239Z]
{
  "action": "webhook_post_result",
  "url": "https://localhost/bebots/webhook/wapi",
  "instance": "5363511379",
  "type": "CONNECTION_UPDATE",
  "status": 200,
  "response": ""
}
----
[2026-04-07T16:06:08.151Z]
{
  "action": "webhook_post_start",
  "url": "https://localhost/bebots/webhook/wapi",
  "instance": "5363511379",
  "type": "CONNECTION_UPDATE",
  "data": {
    "dataType": "object",
    "isArray": false,
    "keys": [
      "isOnline"
    ]
  }
}
----
[2026-04-07T16:06:08.151Z]
{
  "action": "webhook_post_start",
  "url": "https://localhost/bebots/webhook/wapi",
  "instance": "5363511379",
  "type": "CONNECTION_UPDATE",
  "data": {
    "dataType": "object",
    "isArray": false,
    "keys": [
      "receivedPendingNotifications"
    ]
  }
}
----
[2026-04-07T16:06:08.151Z]
{
  "action": "webhook_post_start",
  "url": "https://localhost/bebots/webhook/wapi",
  "instance": "5363511379",
  "type": "CONNECTION_UPDATE",
  "data": {
    "dataType": "object",
    "isArray": false,
    "keys": [
      "connection"
    ]
  }
}
----
[2026-04-07T16:06:08.196Z]
{
  "action": "webhook_post_result",
  "url": "https://localhost/bebots/webhook/wapi",
  "instance": "5363511379",
  "type": "CONNECTION_UPDATE",
  "status": 200,
  "response": ""
}
----
[2026-04-07T16:06:08.199Z]
{
  "action": "webhook_post_result",
  "url": "https://localhost/bebots/webhook/wapi",
  "instance": "5363511379",
  "type": "CONNECTION_UPDATE",
  "status": 200,
  "response": ""
}
----
[2026-04-07T16:06:08.205Z]
{
  "action": "webhook_post_result",
  "url": "https://localhost/bebots/webhook/wapi",
  "instance": "5363511379",
  "type": "CONNECTION_UPDATE",
  "status": 200,
  "response": ""
}
----
[2026-04-07T16:06:13.190Z]
{
  "action": "webhook_post_start",
  "url": "https://localhost/bebots/webhook/wapi",
  "instance": "5363511379",
  "type": "CONNECTION_UPDATE",
  "data": {
    "dataType": "object",
    "isArray": false,
    "keys": [
      "connection",
      "receivedPendingNotifications",
      "qr"
    ]
  }
}
----
[2026-04-07T16:06:13.244Z]
{
  "action": "webhook_post_result",
  "url": "https://localhost/bebots/webhook/wapi",
  "instance": "5363511379",
  "type": "CONNECTION_UPDATE",
  "status": 200,
  "response": ""
}
----
[2026-04-07T16:06:14.892Z]
{
  "action": "webhook_post_start",
  "url": "https://localhost/bebots/webhook/wapi",
  "instance": "5363511379",
  "type": "CONNECTION_UPDATE",
  "data": {
    "dataType": "object",
    "isArray": false,
    "keys": [
      "connection",
      "lastDisconnect"
    ]
  }
}
----
[2026-04-07T16:06:15.167Z]
{
  "action": "webhook_post_result",
  "url": "https://localhost/bebots/webhook/wapi",
  "instance": "5363511379",
  "type": "CONNECTION_UPDATE",
  "status": 200,
  "response": ""
}
----
[2026-04-07T16:06:15.648Z]
{
  "action": "webhook_post_start",
  "url": "https://localhost/bebots/webhook/wapi",
  "instance": "5363511379",
  "type": "CONNECTION_UPDATE",
  "data": {
    "dataType": "object",
    "isArray": false,
    "keys": [
      "isOnline"
    ]
  }
}
----
[2026-04-07T16:06:15.648Z]
{
  "action": "webhook_post_start",
  "url": "https://localhost/bebots/webhook/wapi",
  "instance": "5363511379",
  "type": "CONNECTION_UPDATE",
  "data": {
    "dataType": "object",
    "isArray": false,
    "keys": [
      "connection"
    ]
  }
}
----
[2026-04-07T16:06:15.708Z]
{
  "action": "webhook_post_result",
  "url": "https://localhost/bebots/webhook/wapi",
  "instance": "5363511379",
  "type": "CONNECTION_UPDATE",
  "status": 200,
  "response": ""
}
----
[2026-04-07T16:06:15.708Z]
{
  "action": "webhook_post_result",
  "url": "https://localhost/bebots/webhook/wapi",
  "instance": "5363511379",
  "type": "CONNECTION_UPDATE",
  "status": 200,
  "response": ""
}
----
[2026-04-07T16:06:15.821Z]
{
  "action": "webhook_post_start",
  "url": "https://localhost/bebots/webhook/wapi",
  "instance": "5363511379",
  "type": "CONNECTION_UPDATE",
  "data": {
    "dataType": "object",
    "isArray": false,
    "keys": [
      "receivedPendingNotifications"
    ]
  }
}
----
[2026-04-07T16:06:15.892Z]
{
  "action": "webhook_post_result",
  "url": "https://localhost/bebots/webhook/wapi",
  "instance": "5363511379",
  "type": "CONNECTION_UPDATE",
  "status": 200,
  "response": ""
}
----
[2026-04-07T16:06:21.864Z]
{
  "action": "webhook_post_start",
  "url": "https://localhost/bebots/webhook/wapi",
  "instance": "5363511379",
  "type": "CONNECTION_UPDATE",
  "data": {
    "dataType": "object",
    "isArray": false,
    "keys": [
      "connection",
      "receivedPendingNotifications",
      "qr"
    ]
  }
}
----
[2026-04-07T16:06:21.911Z]
{
  "action": "webhook_post_result",
  "url": "https://localhost/bebots/webhook/wapi",
  "instance": "5363511379",
  "type": "CONNECTION_UPDATE",
  "status": 200,
  "response": ""
}
----
[2026-04-07T16:06:23.992Z]
{
  "action": "webhook_post_start",
  "url": "https://localhost/bebots/webhook/wapi",
  "instance": "5363511379",
  "type": "CONNECTION_UPDATE",
  "data": {
    "dataType": "object",
    "isArray": false,
    "keys": [
      "connection",
      "lastDisconnect"
    ]
  }
}
----
[2026-04-07T16:06:24.036Z]
{
  "action": "webhook_post_result",
  "url": "https://localhost/bebots/webhook/wapi",
  "instance": "5363511379",
  "type": "CONNECTION_UPDATE",
  "status": 200,
  "response": ""
}
----
[2026-04-07T16:06:26.089Z]
{
  "action": "webhook_post_start",
  "url": "https://localhost/bebots/webhook/wapi",
  "instance": "5363511379",
  "type": "CONNECTION_UPDATE",
  "data": {
    "dataType": "object",
    "isArray": false,
    "keys": [
      "connection"
    ]
  }
}
----
[2026-04-07T16:06:26.089Z]
{
  "action": "webhook_post_start",
  "url": "https://localhost/bebots/webhook/wapi",
  "instance": "5363511379",
  "type": "CONNECTION_UPDATE",
  "data": {
    "dataType": "object",
    "isArray": false,
    "keys": [
      "isOnline"
    ]
  }
}
----
[2026-04-07T16:06:26.140Z]
{
  "action": "webhook_post_result",
  "url": "https://localhost/bebots/webhook/wapi",
  "instance": "5363511379",
  "type": "CONNECTION_UPDATE",
  "status": 200,
  "response": ""
}
----
[2026-04-07T16:06:26.143Z]
{
  "action": "webhook_post_result",
  "url": "https://localhost/bebots/webhook/wapi",
  "instance": "5363511379",
  "type": "CONNECTION_UPDATE",
  "status": 200,
  "response": ""
}
----
[2026-04-07T16:06:26.283Z]
{
  "action": "webhook_post_start",
  "url": "https://localhost/bebots/webhook/wapi",
  "instance": "5363511379",
  "type": "CONNECTION_UPDATE",
  "data": {
    "dataType": "object",
    "isArray": false,
    "keys": [
      "receivedPendingNotifications"
    ]
  }
}
----
[2026-04-07T16:06:26.341Z]
{
  "action": "webhook_post_result",
  "url": "https://localhost/bebots/webhook/wapi",
  "instance": "5363511379",
  "type": "CONNECTION_UPDATE",
  "status": 200,
  "response": ""
}
----
[2026-04-07T16:06:30.137Z]
{
  "action": "webhook_post_start",
  "url": "https://localhost/bebots/webhook/wapi",
  "instance": "5363511379",
  "type": "CONNECTION_UPDATE",
  "data": {
    "dataType": "object",
    "isArray": false,
    "keys": [
      "connection",
      "receivedPendingNotifications",
      "qr"
    ]
  }
}
----
[2026-04-07T16:06:30.205Z]
{
  "action": "webhook_post_result",
  "url": "https://localhost/bebots/webhook/wapi",
  "instance": "5363511379",
  "type": "CONNECTION_UPDATE",
  "status": 200,
  "response": ""
}
----
[2026-04-07T16:06:32.017Z]
{
  "action": "webhook_post_start",
  "url": "https://localhost/bebots/webhook/wapi",
  "instance": "5363511379",
  "type": "CONNECTION_UPDATE",
  "data": {
    "dataType": "object",
    "isArray": false,
    "keys": [
      "connection",
      "lastDisconnect"
    ]
  }
}
----
[2026-04-07T16:06:32.081Z]
{
  "action": "webhook_post_result",
  "url": "https://localhost/bebots/webhook/wapi",
  "instance": "5363511379",
  "type": "CONNECTION_UPDATE",
  "status": 200,
  "response": ""
}
----
[2026-04-07T16:06:32.743Z]
{
  "action": "webhook_post_start",
  "url": "https://localhost/bebots/webhook/wapi",
  "instance": "5363511379",
  "type": "CONNECTION_UPDATE",
  "data": {
    "dataType": "object",
    "isArray": false,
    "keys": [
      "isOnline"
    ]
  }
}
----
[2026-04-07T16:06:32.743Z]
{
  "action": "webhook_post_start",
  "url": "https://localhost/bebots/webhook/wapi",
  "instance": "5363511379",
  "type": "CONNECTION_UPDATE",
  "data": {
    "dataType": "object",
    "isArray": false,
    "keys": [
      "connection"
    ]
  }
}
----
[2026-04-07T16:06:32.743Z]
{
  "action": "webhook_post_start",
  "url": "https://localhost/bebots/webhook/wapi",
  "instance": "5363511379",
  "type": "CONNECTION_UPDATE",
  "data": {
    "dataType": "object",
    "isArray": false,
    "keys": [
      "receivedPendingNotifications"
    ]
  }
}
----
[2026-04-07T16:06:32.810Z]
{
  "action": "webhook_post_result",
  "url": "https://localhost/bebots/webhook/wapi",
  "instance": "5363511379",
  "type": "CONNECTION_UPDATE",
  "status": 200,
  "response": ""
}
----
[2026-04-07T16:06:32.810Z]
{
  "action": "webhook_post_result",
  "url": "https://localhost/bebots/webhook/wapi",
  "instance": "5363511379",
  "type": "CONNECTION_UPDATE",
  "status": 200,
  "response": ""
}
----
[2026-04-07T16:06:32.810Z]
{
  "action": "webhook_post_result",
  "url": "https://localhost/bebots/webhook/wapi",
  "instance": "5363511379",
  "type": "CONNECTION_UPDATE",
  "status": 200,
  "response": ""
}
----
[2026-04-07T16:06:38.008Z]
{
  "action": "webhook_post_start",
  "url": "https://localhost/bebots/webhook/wapi",
  "instance": "5363511379",
  "type": "CONNECTION_UPDATE",
  "data": {
    "dataType": "object",
    "isArray": false,
    "keys": [
      "connection",
      "receivedPendingNotifications",
      "qr"
    ]
  }
}
----
[2026-04-07T16:06:38.063Z]
{
  "action": "webhook_post_result",
  "url": "https://localhost/bebots/webhook/wapi",
  "instance": "5363511379",
  "type": "CONNECTION_UPDATE",
  "status": 200,
  "response": ""
}
----
[2026-04-07T16:06:39.670Z]
{
  "action": "webhook_post_start",
  "url": "https://localhost/bebots/webhook/wapi",
  "instance": "5363511379",
  "type": "CONNECTION_UPDATE",
  "data": {
    "dataType": "object",
    "isArray": false,
    "keys": [
      "connection",
      "lastDisconnect"
    ]
  }
}
----
[2026-04-07T16:06:39.733Z]
{
  "action": "webhook_post_result",
  "url": "https://localhost/bebots/webhook/wapi",
  "instance": "5363511379",
  "type": "CONNECTION_UPDATE",
  "status": 200,
  "response": ""
}
----
[2026-04-07T16:06:40.919Z]
{
  "action": "webhook_post_start",
  "url": "https://localhost/bebots/webhook/wapi",
  "instance": "5363511379",
  "type": "CONNECTION_UPDATE",
  "data": {
    "dataType": "object",
    "isArray": false,
    "keys": [
      "isOnline"
    ]
  }
}
----
[2026-04-07T16:06:40.919Z]
{
  "action": "webhook_post_start",
  "url": "https://localhost/bebots/webhook/wapi",
  "instance": "5363511379",
  "type": "CONNECTION_UPDATE",
  "data": {
    "dataType": "object",
    "isArray": false,
    "keys": [
      "connection"
    ]
  }
}
----
[2026-04-07T16:06:40.919Z]
{
  "action": "webhook_post_start",
  "url": "https://localhost/bebots/webhook/wapi",
  "instance": "5363511379",
  "type": "CONNECTION_UPDATE",
  "data": {
    "dataType": "object",
    "isArray": false,
    "keys": [
      "receivedPendingNotifications"
    ]
  }
}
----
[2026-04-07T16:06:40.969Z]
{
  "action": "webhook_post_result",
  "url": "https://localhost/bebots/webhook/wapi",
  "instance": "5363511379",
  "type": "CONNECTION_UPDATE",
  "status": 200,
  "response": ""
}
----
[2026-04-07T16:06:40.978Z]
{
  "action": "webhook_post_result",
  "url": "https://localhost/bebots/webhook/wapi",
  "instance": "5363511379",
  "type": "CONNECTION_UPDATE",
  "status": 200,
  "response": ""
}
----
[2026-04-07T16:06:40.978Z]
{
  "action": "webhook_post_result",
  "url": "https://localhost/bebots/webhook/wapi",
  "instance": "5363511379",
  "type": "CONNECTION_UPDATE",
  "status": 200,
  "response": ""
}
----
[2026-04-07T16:06:45.825Z]
{
  "action": "webhook_post_start",
  "url": "https://localhost/bebots/webhook/wapi",
  "instance": "5363511379",
  "type": "CONNECTION_UPDATE",
  "data": {
    "dataType": "object",
    "isArray": false,
    "keys": [
      "connection",
      "receivedPendingNotifications",
      "qr"
    ]
  }
}
----
[2026-04-07T16:06:45.877Z]
{
  "action": "webhook_post_result",
  "url": "https://localhost/bebots/webhook/wapi",
  "instance": "5363511379",
  "type": "CONNECTION_UPDATE",
  "status": 200,
  "response": ""
}
----
[2026-04-07T16:06:47.927Z]
{
  "action": "webhook_post_start",
  "url": "https://localhost/bebots/webhook/wapi",
  "instance": "5363511379",
  "type": "CONNECTION_UPDATE",
  "data": {
    "dataType": "object",
    "isArray": false,
    "keys": [
      "connection",
      "lastDisconnect"
    ]
  }
}
----
[2026-04-07T16:06:47.997Z]
{
  "action": "webhook_post_result",
  "url": "https://localhost/bebots/webhook/wapi",
  "instance": "5363511379",
  "type": "CONNECTION_UPDATE",
  "status": 200,
  "response": ""
}
----
[2026-04-07T16:06:49.146Z]
{
  "action": "webhook_post_start",
  "url": "https://localhost/bebots/webhook/wapi",
  "instance": "5363511379",
  "type": "CONNECTION_UPDATE",
  "data": {
    "dataType": "object",
    "isArray": false,
    "keys": [
      "isOnline"
    ]
  }
}
----
[2026-04-07T16:06:49.146Z]
{
  "action": "webhook_post_start",
  "url": "https://localhost/bebots/webhook/wapi",
  "instance": "5363511379",
  "type": "CONNECTION_UPDATE",
  "data": {
    "dataType": "object",
    "isArray": false,
    "keys": [
      "receivedPendingNotifications"
    ]
  }
}
----
[2026-04-07T16:06:49.146Z]
{
  "action": "webhook_post_start",
  "url": "https://localhost/bebots/webhook/wapi",
  "instance": "5363511379",
  "type": "CONNECTION_UPDATE",
  "data": {
    "dataType": "object",
    "isArray": false,
    "keys": [
      "connection"
    ]
  }
}
----
[2026-04-07T16:06:49.218Z]
{
  "action": "webhook_post_result",
  "url": "https://localhost/bebots/webhook/wapi",
  "instance": "5363511379",
  "type": "CONNECTION_UPDATE",
  "status": 200,
  "response": ""
}
----
[2026-04-07T16:06:49.219Z]
{
  "action": "webhook_post_result",
  "url": "https://localhost/bebots/webhook/wapi",
  "instance": "5363511379",
  "type": "CONNECTION_UPDATE",
  "status": 200,
  "response": ""
}
----
[2026-04-07T16:06:49.221Z]
{
  "action": "webhook_post_result",
  "url": "https://localhost/bebots/webhook/wapi",
  "instance": "5363511379",
  "type": "CONNECTION_UPDATE",
  "status": 200,
  "response": ""
}
----
[2026-04-07T16:06:53.818Z]
{
  "action": "webhook_post_start",
  "url": "https://localhost/bebots/webhook/wapi",
  "instance": "5363511379",
  "type": "CONNECTION_UPDATE",
  "data": {
    "dataType": "object",
    "isArray": false,
    "keys": [
      "connection",
      "receivedPendingNotifications",
      "qr"
    ]
  }
}
----
[2026-04-07T16:06:53.877Z]
{
  "action": "webhook_post_result",
  "url": "https://localhost/bebots/webhook/wapi",
  "instance": "5363511379",
  "type": "CONNECTION_UPDATE",
  "status": 200,
  "response": ""
}
----
[2026-04-07T16:06:55.884Z]
{
  "action": "webhook_post_start",
  "url": "https://localhost/bebots/webhook/wapi",
  "instance": "5363511379",
  "type": "CONNECTION_UPDATE",
  "data": {
    "dataType": "object",
    "isArray": false,
    "keys": [
      "connection",
      "lastDisconnect"
    ]
  }
}
----
[2026-04-07T16:06:55.942Z]
{
  "action": "webhook_post_result",
  "url": "https://localhost/bebots/webhook/wapi",
  "instance": "5363511379",
  "type": "CONNECTION_UPDATE",
  "status": 200,
  "response": ""
}
----
[2026-04-07T16:06:57.108Z]
{
  "action": "webhook_post_start",
  "url": "https://localhost/bebots/webhook/wapi",
  "instance": "5363511379",
  "type": "CONNECTION_UPDATE",
  "data": {
    "dataType": "object",
    "isArray": false,
    "keys": [
      "isOnline"
    ]
  }
}
----
[2026-04-07T16:06:57.108Z]
{
  "action": "webhook_post_start",
  "url": "https://localhost/bebots/webhook/wapi",
  "instance": "5363511379",
  "type": "CONNECTION_UPDATE",
  "data": {
    "dataType": "object",
    "isArray": false,
    "keys": [
      "connection"
    ]
  }
}
----
[2026-04-07T16:06:57.175Z]
{
  "action": "webhook_post_result",
  "url": "https://localhost/bebots/webhook/wapi",
  "instance": "5363511379",
  "type": "CONNECTION_UPDATE",
  "status": 200,
  "response": ""
}
----
[2026-04-07T16:06:57.175Z]
{
  "action": "webhook_post_result",
  "url": "https://localhost/bebots/webhook/wapi",
  "instance": "5363511379",
  "type": "CONNECTION_UPDATE",
  "status": 200,
  "response": ""
}
----
[2026-04-07T16:06:57.255Z]
{
  "action": "webhook_post_start",
  "url": "https://localhost/bebots/webhook/wapi",
  "instance": "5363511379",
  "type": "CONNECTION_UPDATE",
  "data": {
    "dataType": "object",
    "isArray": false,
    "keys": [
      "receivedPendingNotifications"
    ]
  }
}
----
[2026-04-07T16:06:57.322Z]
{
  "action": "webhook_post_result",
  "url": "https://localhost/bebots/webhook/wapi",
  "instance": "5363511379",
  "type": "CONNECTION_UPDATE",
  "status": 200,
  "response": ""
}
----
[2026-04-07T16:07:02.303Z]
{
  "action": "webhook_post_start",
  "url": "https://localhost/bebots/webhook/wapi",
  "instance": "5363511379",
  "type": "CONNECTION_UPDATE",
  "data": {
    "dataType": "object",
    "isArray": false,
    "keys": [
      "connection",
      "receivedPendingNotifications",
      "qr"
    ]
  }
}
----
[2026-04-07T16:07:02.403Z]
{
  "action": "webhook_post_result",
  "url": "https://localhost/bebots/webhook/wapi",
  "instance": "5363511379",
  "type": "CONNECTION_UPDATE",
  "status": 200,
  "response": ""
}
----
[2026-04-07T16:07:04.424Z]
{
  "action": "webhook_post_start",
  "url": "https://localhost/bebots/webhook/wapi",
  "instance": "5363511379",
  "type": "CONNECTION_UPDATE",
  "data": {
    "dataType": "object",
    "isArray": false,
    "keys": [
      "connection",
      "lastDisconnect"
    ]
  }
}
----
[2026-04-07T16:07:04.482Z]
{
  "action": "webhook_post_result",
  "url": "https://localhost/bebots/webhook/wapi",
  "instance": "5363511379",
  "type": "CONNECTION_UPDATE",
  "status": 200,
  "response": ""
}
----
[2026-04-07T16:07:06.415Z]
{
  "action": "webhook_post_start",
  "url": "https://localhost/bebots/webhook/wapi",
  "instance": "5363511379",
  "type": "CONNECTION_UPDATE",
  "data": {
    "dataType": "object",
    "isArray": false,
    "keys": [
      "connection"
    ]
  }
}
----
[2026-04-07T16:07:06.415Z]
{
  "action": "webhook_post_start",
  "url": "https://localhost/bebots/webhook/wapi",
  "instance": "5363511379",
  "type": "CONNECTION_UPDATE",
  "data": {
    "dataType": "object",
    "isArray": false,
    "keys": [
      "isOnline"
    ]
  }
}
----
[2026-04-07T16:07:06.483Z]
{
  "action": "webhook_post_result",
  "url": "https://localhost/bebots/webhook/wapi",
  "instance": "5363511379",
  "type": "CONNECTION_UPDATE",
  "status": 200,
  "response": ""
}
----
[2026-04-07T16:07:06.483Z]
{
  "action": "webhook_post_result",
  "url": "https://localhost/bebots/webhook/wapi",
  "instance": "5363511379",
  "type": "CONNECTION_UPDATE",
  "status": 200,
  "response": ""
}
----
[2026-04-07T16:07:06.600Z]
{
  "action": "webhook_post_start",
  "url": "https://localhost/bebots/webhook/wapi",
  "instance": "5363511379",
  "type": "CONNECTION_UPDATE",
  "data": {
    "dataType": "object",
    "isArray": false,
    "keys": [
      "receivedPendingNotifications"
    ]
  }
}
----
[2026-04-07T16:07:06.657Z]
{
  "action": "webhook_post_result",
  "url": "https://localhost/bebots/webhook/wapi",
  "instance": "5363511379",
  "type": "CONNECTION_UPDATE",
  "status": 200,
  "response": ""
}
----
[2026-04-07T16:07:10.483Z]
{
  "action": "webhook_post_start",
  "url": "https://localhost/bebots/webhook/wapi",
  "instance": "5363511379",
  "type": "CONNECTION_UPDATE",
  "data": {
    "dataType": "object",
    "isArray": false,
    "keys": [
      "connection",
      "receivedPendingNotifications",
      "qr"
    ]
  }
}
----
[2026-04-07T16:07:10.539Z]
{
  "action": "webhook_post_result",
  "url": "https://localhost/bebots/webhook/wapi",
  "instance": "5363511379",
  "type": "CONNECTION_UPDATE",
  "status": 200,
  "response": ""
}
----
[2026-04-07T16:07:12.359Z]
{
  "action": "webhook_post_start",
  "url": "https://localhost/bebots/webhook/wapi",
  "instance": "5363511379",
  "type": "CONNECTION_UPDATE",
  "data": {
    "dataType": "object",
    "isArray": false,
    "keys": [
      "connection",
      "lastDisconnect"
    ]
  }
}
----
[2026-04-07T16:07:12.406Z]
{
  "action": "webhook_post_result",
  "url": "https://localhost/bebots/webhook/wapi",
  "instance": "5363511379",
  "type": "CONNECTION_UPDATE",
  "status": 200,
  "response": ""
}
----
[2026-04-07T16:07:13.382Z]
{
  "action": "webhook_post_start",
  "url": "https://localhost/bebots/webhook/wapi",
  "instance": "5363511379",
  "type": "CONNECTION_UPDATE",
  "data": {
    "dataType": "object",
    "isArray": false,
    "keys": [
      "isOnline"
    ]
  }
}
----
[2026-04-07T16:07:13.382Z]
{
  "action": "webhook_post_start",
  "url": "https://localhost/bebots/webhook/wapi",
  "instance": "5363511379",
  "type": "CONNECTION_UPDATE",
  "data": {
    "dataType": "object",
    "isArray": false,
    "keys": [
      "receivedPendingNotifications"
    ]
  }
}
----
[2026-04-07T16:07:13.382Z]
{
  "action": "webhook_post_start",
  "url": "https://localhost/bebots/webhook/wapi",
  "instance": "5363511379",
  "type": "CONNECTION_UPDATE",
  "data": {
    "dataType": "object",
    "isArray": false,
    "keys": [
      "connection"
    ]
  }
}
----
[2026-04-07T16:07:13.448Z]
{
  "action": "webhook_post_result",
  "url": "https://localhost/bebots/webhook/wapi",
  "instance": "5363511379",
  "type": "CONNECTION_UPDATE",
  "status": 200,
  "response": ""
}
----
[2026-04-07T16:07:13.450Z]
{
  "action": "webhook_post_result",
  "url": "https://localhost/bebots/webhook/wapi",
  "instance": "5363511379",
  "type": "CONNECTION_UPDATE",
  "status": 200,
  "response": ""
}
----
[2026-04-07T16:07:13.462Z]
{
  "action": "webhook_post_result",
  "url": "https://localhost/bebots/webhook/wapi",
  "instance": "5363511379",
  "type": "CONNECTION_UPDATE",
  "status": 200,
  "response": ""
}
----
[2026-04-07T16:07:18.917Z]
{
  "action": "webhook_post_start",
  "url": "https://localhost/bebots/webhook/wapi",
  "instance": "5363511379",
  "type": "CONNECTION_UPDATE",
  "data": {
    "dataType": "object",
    "isArray": false,
    "keys": [
      "connection",
      "receivedPendingNotifications",
      "qr"
    ]
  }
}
----
[2026-04-07T16:07:18.965Z]
{
  "action": "webhook_post_result",
  "url": "https://localhost/bebots/webhook/wapi",
  "instance": "5363511379",
  "type": "CONNECTION_UPDATE",
  "status": 200,
  "response": ""
}
----
[2026-04-07T16:07:22.279Z]
{
  "action": "webhook_post_start",
  "url": "https://localhost/bebots/webhook/wapi",
  "instance": "5363511379",
  "type": "CONNECTION_UPDATE",
  "data": {
    "dataType": "object",
    "isArray": false,
    "keys": [
      "connection",
      "lastDisconnect"
    ]
  }
}
----
[2026-04-07T16:07:22.381Z]
{
  "action": "webhook_post_result",
  "url": "https://localhost/bebots/webhook/wapi",
  "instance": "5363511379",
  "type": "CONNECTION_UPDATE",
  "status": 200,
  "response": ""
}
----
[2026-04-07T16:07:25.480Z]
{
  "action": "webhook_post_start",
  "url": "https://localhost/bebots/webhook/wapi",
  "instance": "5363511379",
  "type": "CONNECTION_UPDATE",
  "data": {
    "dataType": "object",
    "isArray": false,
    "keys": [
      "connection"
    ]
  }
}
----
[2026-04-07T16:07:25.480Z]
{
  "action": "webhook_post_start",
  "url": "https://localhost/bebots/webhook/wapi",
  "instance": "5363511379",
  "type": "CONNECTION_UPDATE",
  "data": {
    "dataType": "object",
    "isArray": false,
    "keys": [
      "isOnline"
    ]
  }
}
----
[2026-04-07T16:07:25.560Z]
{
  "action": "webhook_post_start",
  "url": "https://localhost/bebots/webhook/wapi",
  "instance": "5363511379",
  "type": "CONNECTION_UPDATE",
  "data": {
    "dataType": "object",
    "isArray": false,
    "keys": [
      "receivedPendingNotifications"
    ]
  }
}
----
[2026-04-07T16:07:25.576Z]
{
  "action": "webhook_post_result",
  "url": "https://localhost/bebots/webhook/wapi",
  "instance": "5363511379",
  "type": "CONNECTION_UPDATE",
  "status": 200,
  "response": ""
}
----
[2026-04-07T16:07:25.597Z]
{
  "action": "webhook_post_result",
  "url": "https://localhost/bebots/webhook/wapi",
  "instance": "5363511379",
  "type": "CONNECTION_UPDATE",
  "status": 200,
  "response": ""
}
----
[2026-04-07T16:07:25.652Z]
{
  "action": "webhook_post_result",
  "url": "https://localhost/bebots/webhook/wapi",
  "instance": "5363511379",
  "type": "CONNECTION_UPDATE",
  "status": 200,
  "response": ""
}
----
[2026-04-07T16:07:34.497Z]
{
  "action": "webhook_post_start",
  "url": "https://localhost/bebots/webhook/wapi",
  "instance": "5363511379",
  "type": "CONNECTION_UPDATE",
  "data": {
    "dataType": "object",
    "isArray": false,
    "keys": [
      "connection",
      "receivedPendingNotifications",
      "qr"
    ]
  }
}
----
[2026-04-07T16:07:34.561Z]
{
  "action": "webhook_post_result",
  "url": "https://localhost/bebots/webhook/wapi",
  "instance": "5363511379",
  "type": "CONNECTION_UPDATE",
  "status": 200,
  "response": ""
}
----
[2026-04-07T16:08:30.733Z]
{
  "action": "webhook_post_start",
  "url": "https://localhost/bebots/webhook/wapi",
  "instance": "5363511379",
  "type": "CONNECTION_UPDATE",
  "data": {
    "dataType": "object",
    "isArray": false,
    "keys": [
      "connection",
      "lastDisconnect"
    ]
  }
}
----
[2026-04-07T16:08:30.807Z]
{
  "action": "webhook_post_result",
  "url": "https://localhost/bebots/webhook/wapi",
  "instance": "5363511379",
  "type": "CONNECTION_UPDATE",
  "status": 200,
  "response": ""
}
----
[2026-04-07T16:08:37.837Z]
{
  "action": "webhook_post_start",
  "url": "https://localhost/bebots/webhook/wapi",
  "instance": "5363511379",
  "type": "CONNECTION_UPDATE",
  "data": {
    "dataType": "object",
    "isArray": false,
    "keys": [
      "isOnline"
    ]
  }
}
----
[2026-04-07T16:08:37.837Z]
{
  "action": "webhook_post_start",
  "url": "https://localhost/bebots/webhook/wapi",
  "instance": "5363511379",
  "type": "CONNECTION_UPDATE",
  "data": {
    "dataType": "object",
    "isArray": false,
    "keys": [
      "connection"
    ]
  }
}
----
[2026-04-07T16:08:37.894Z]
{
  "action": "webhook_post_result",
  "url": "https://localhost/bebots/webhook/wapi",
  "instance": "5363511379",
  "type": "CONNECTION_UPDATE",
  "status": 200,
  "response": ""
}
----
[2026-04-07T16:08:37.909Z]
{
  "action": "webhook_post_result",
  "url": "https://localhost/bebots/webhook/wapi",
  "instance": "5363511379",
  "type": "CONNECTION_UPDATE",
  "status": 200,
  "response": ""
}
----
[2026-04-07T16:08:38.073Z]
{
  "action": "webhook_post_start",
  "url": "https://localhost/bebots/webhook/wapi",
  "instance": "5363511379",
  "type": "CONNECTION_UPDATE",
  "data": {
    "dataType": "object",
    "isArray": false,
    "keys": [
      "receivedPendingNotifications"
    ]
  }
}
----
[2026-04-07T16:08:38.157Z]
{
  "action": "webhook_post_result",
  "url": "https://localhost/bebots/webhook/wapi",
  "instance": "5363511379",
  "type": "CONNECTION_UPDATE",
  "status": 200,
  "response": ""
}
----
[2026-04-07T16:08:46.466Z]
{
  "action": "webhook_post_start",
  "url": "https://localhost/bebots/webhook/wapi",
  "instance": "5363511379",
  "type": "CONNECTION_UPDATE",
  "data": {
    "dataType": "object",
    "isArray": false,
    "keys": [
      "connection",
      "receivedPendingNotifications",
      "qr"
    ]
  }
}
----
[2026-04-07T16:08:46.529Z]
{
  "action": "webhook_post_result",
  "url": "https://localhost/bebots/webhook/wapi",
  "instance": "5363511379",
  "type": "CONNECTION_UPDATE",
  "status": 200,
  "response": ""
}
----
[2026-04-07T16:09:12.086Z]
{
  "action": "webhook_post_start",
  "url": "https://localhost/bebots/webhook/wapi",
  "instance": "5363511379",
  "type": "CONNECTION_UPDATE",
  "data": {
    "dataType": "object",
    "isArray": false,
    "keys": [
      "connection",
      "lastDisconnect"
    ]
  }
}
----
[2026-04-07T16:09:12.165Z]
{
  "action": "webhook_post_result",
  "url": "https://localhost/bebots/webhook/wapi",
  "instance": "5363511379",
  "type": "CONNECTION_UPDATE",
  "status": 200,
  "response": ""
}
----
[2026-04-07T16:09:21.149Z]
{
  "action": "webhook_post_start",
  "url": "https://localhost/bebots/webhook/wapi",
  "instance": "5363511379",
  "type": "CONNECTION_UPDATE",
  "data": {
    "dataType": "object",
    "isArray": false,
    "keys": [
      "connection",
      "receivedPendingNotifications",
      "qr"
    ]
  }
}
----
[2026-04-07T16:09:21.211Z]
{
  "action": "webhook_post_result",
  "url": "https://localhost/bebots/webhook/wapi",
  "instance": "5363511379",
  "type": "CONNECTION_UPDATE",
  "status": 200,
  "response": ""
}
----
[2026-04-07T16:09:26.355Z]
{
  "action": "webhook_post_start",
  "url": "https://localhost/bebots/webhook/wapi",
  "instance": "5363511379",
  "type": "CONNECTION_UPDATE",
  "data": {
    "dataType": "object",
    "isArray": false,
    "keys": [
      "connection",
      "lastDisconnect"
    ]
  }
}
----
[2026-04-07T16:09:26.402Z]
{
  "action": "webhook_post_result",
  "url": "https://localhost/bebots/webhook/wapi",
  "instance": "5363511379",
  "type": "CONNECTION_UPDATE",
  "status": 200,
  "response": ""
}
----
[2026-04-07T16:09:30.967Z]
{
  "action": "webhook_post_start",
  "url": "https://localhost/bebots/webhook/wapi",
  "instance": "5363511379",
  "type": "CONNECTION_UPDATE",
  "data": {
    "dataType": "object",
    "isArray": false,
    "keys": [
      "connection"
    ]
  }
}
----
[2026-04-07T16:09:30.967Z]
{
  "action": "webhook_post_start",
  "url": "https://localhost/bebots/webhook/wapi",
  "instance": "5363511379",
  "type": "CONNECTION_UPDATE",
  "data": {
    "dataType": "object",
    "isArray": false,
    "keys": [
      "isOnline"
    ]
  }
}
----
[2026-04-07T16:09:30.967Z]
{
  "action": "webhook_post_start",
  "url": "https://localhost/bebots/webhook/wapi",
  "instance": "5363511379",
  "type": "CONNECTION_UPDATE",
  "data": {
    "dataType": "object",
    "isArray": false,
    "keys": [
      "receivedPendingNotifications"
    ]
  }
}
----
[2026-04-07T16:09:31.016Z]
{
  "action": "webhook_post_result",
  "url": "https://localhost/bebots/webhook/wapi",
  "instance": "5363511379",
  "type": "CONNECTION_UPDATE",
  "status": 200,
  "response": ""
}
----
[2026-04-07T16:09:31.044Z]
{
  "action": "webhook_post_result",
  "url": "https://localhost/bebots/webhook/wapi",
  "instance": "5363511379",
  "type": "CONNECTION_UPDATE",
  "status": 200,
  "response": ""
}
----
[2026-04-07T16:09:31.045Z]
{
  "action": "webhook_post_result",
  "url": "https://localhost/bebots/webhook/wapi",
  "instance": "5363511379",
  "type": "CONNECTION_UPDATE",
  "status": 200,
  "response": ""
}
----
[2026-04-07T16:09:35.034Z]
{
  "action": "webhook_post_start",
  "url": "https://localhost/bebots/webhook/wapi",
  "instance": "5363511379",
  "type": "CONNECTION_UPDATE",
  "data": {
    "dataType": "object",
    "isArray": false,
    "keys": [
      "connection",
      "receivedPendingNotifications",
      "qr"
    ]
  }
}
----
[2026-04-07T16:09:35.099Z]
{
  "action": "webhook_post_result",
  "url": "https://localhost/bebots/webhook/wapi",
  "instance": "5363511379",
  "type": "CONNECTION_UPDATE",
  "status": 200,
  "response": ""
}
----
[2026-04-07T16:09:40.449Z]
{
  "action": "webhook_post_start",
  "url": "https://localhost/bebots/webhook/wapi",
  "instance": "5363511379",
  "type": "CONNECTION_UPDATE",
  "data": {
    "dataType": "object",
    "isArray": false,
    "keys": [
      "connection",
      "lastDisconnect"
    ]
  }
}
----
[2026-04-07T16:09:40.500Z]
{
  "action": "webhook_post_result",
  "url": "https://localhost/bebots/webhook/wapi",
  "instance": "5363511379",
  "type": "CONNECTION_UPDATE",
  "status": 200,
  "response": ""
}
----
[2026-04-07T16:09:43.468Z]
{
  "action": "webhook_post_start",
  "url": "https://localhost/bebots/webhook/wapi",
  "instance": "5363511379",
  "type": "CONNECTION_UPDATE",
  "data": {
    "dataType": "object",
    "isArray": false,
    "keys": [
      "isOnline"
    ]
  }
}
----
[2026-04-07T16:09:43.469Z]
{
  "action": "webhook_post_start",
  "url": "https://localhost/bebots/webhook/wapi",
  "instance": "5363511379",
  "type": "CONNECTION_UPDATE",
  "data": {
    "dataType": "object",
    "isArray": false,
    "keys": [
      "connection"
    ]
  }
}
----
[2026-04-07T16:09:43.539Z]
{
  "action": "webhook_post_result",
  "url": "https://localhost/bebots/webhook/wapi",
  "instance": "5363511379",
  "type": "CONNECTION_UPDATE",
  "status": 200,
  "response": ""
}
----
[2026-04-07T16:09:43.540Z]
{
  "action": "webhook_post_result",
  "url": "https://localhost/bebots/webhook/wapi",
  "instance": "5363511379",
  "type": "CONNECTION_UPDATE",
  "status": 200,
  "response": ""
}
----
[2026-04-07T16:09:43.579Z]
{
  "action": "webhook_post_start",
  "url": "https://localhost/bebots/webhook/wapi",
  "instance": "5363511379",
  "type": "CONNECTION_UPDATE",
  "data": {
    "dataType": "object",
    "isArray": false,
    "keys": [
      "receivedPendingNotifications"
    ]
  }
}
----
[2026-04-07T16:09:43.644Z]
{
  "action": "webhook_post_result",
  "url": "https://localhost/bebots/webhook/wapi",
  "instance": "5363511379",
  "type": "CONNECTION_UPDATE",
  "status": 200,
  "response": ""
}
----
[2026-04-07T16:09:49.209Z]
{
  "action": "webhook_post_start",
  "url": "https://localhost/bebots/webhook/wapi",
  "instance": "5363511379",
  "type": "CONNECTION_UPDATE",
  "data": {
    "dataType": "object",
    "isArray": false,
    "keys": [
      "connection",
      "receivedPendingNotifications",
      "qr"
    ]
  }
}
----
[2026-04-07T16:09:49.263Z]
{
  "action": "webhook_post_result",
  "url": "https://localhost/bebots/webhook/wapi",
  "instance": "5363511379",
  "type": "CONNECTION_UPDATE",
  "status": 200,
  "response": ""
}
----
[2026-04-07T16:09:52.451Z]
{
  "action": "webhook_post_start",
  "url": "https://localhost/bebots/webhook/wapi",
  "instance": "5363511379",
  "type": "CONNECTION_UPDATE",
  "data": {
    "dataType": "object",
    "isArray": false,
    "keys": [
      "connection",
      "lastDisconnect"
    ]
  }
}
----
[2026-04-07T16:09:52.535Z]
{
  "action": "webhook_post_result",
  "url": "https://localhost/bebots/webhook/wapi",
  "instance": "5363511379",
  "type": "CONNECTION_UPDATE",
  "status": 200,
  "response": ""
}
----
[2026-04-07T16:09:55.491Z]
{
  "action": "webhook_post_start",
  "url": "https://localhost/bebots/webhook/wapi",
  "instance": "5363511379",
  "type": "CONNECTION_UPDATE",
  "data": {
    "dataType": "object",
    "isArray": false,
    "keys": [
      "isOnline"
    ]
  }
}
----
[2026-04-07T16:09:55.491Z]
{
  "action": "webhook_post_start",
  "url": "https://localhost/bebots/webhook/wapi",
  "instance": "5363511379",
  "type": "CONNECTION_UPDATE",
  "data": {
    "dataType": "object",
    "isArray": false,
    "keys": [
      "connection"
    ]
  }
}
----
[2026-04-07T16:09:55.538Z]
{
  "action": "webhook_post_start",
  "url": "https://localhost/bebots/webhook/wapi",
  "instance": "5363511379",
  "type": "CONNECTION_UPDATE",
  "data": {
    "dataType": "object",
    "isArray": false,
    "keys": [
      "receivedPendingNotifications"
    ]
  }
}
----
[2026-04-07T16:09:55.550Z]
{
  "action": "webhook_post_result",
  "url": "https://localhost/bebots/webhook/wapi",
  "instance": "5363511379",
  "type": "CONNECTION_UPDATE",
  "status": 200,
  "response": ""
}
----
[2026-04-07T16:09:55.568Z]
{
  "action": "webhook_post_result",
  "url": "https://localhost/bebots/webhook/wapi",
  "instance": "5363511379",
  "type": "CONNECTION_UPDATE",
  "status": 200,
  "response": ""
}
----
[2026-04-07T16:09:55.613Z]
{
  "action": "webhook_post_result",
  "url": "https://localhost/bebots/webhook/wapi",
  "instance": "5363511379",
  "type": "CONNECTION_UPDATE",
  "status": 200,
  "response": ""
}
----
[2026-04-07T16:09:58.572Z]
{
  "action": "webhook_post_start",
  "url": "https://localhost/bebots/webhook/wapi",
  "instance": "5363511379",
  "type": "CONNECTION_UPDATE",
  "data": {
    "dataType": "object",
    "isArray": false,
    "keys": [
      "connection",
      "receivedPendingNotifications",
      "qr"
    ]
  }
}
----
[2026-04-07T16:09:58.661Z]
{
  "action": "webhook_post_result",
  "url": "https://localhost/bebots/webhook/wapi",
  "instance": "5363511379",
  "type": "CONNECTION_UPDATE",
  "status": 200,
  "response": ""
}
----
[2026-04-07T16:10:00.920Z]
{
  "action": "webhook_post_start",
  "url": "https://localhost/bebots/webhook/wapi",
  "instance": "5363511379",
  "type": "CONNECTION_UPDATE",
  "data": {
    "dataType": "object",
    "isArray": false,
    "keys": [
      "connection",
      "lastDisconnect"
    ]
  }
}
----
[2026-04-07T16:10:00.988Z]
{
  "action": "webhook_post_result",
  "url": "https://localhost/bebots/webhook/wapi",
  "instance": "5363511379",
  "type": "CONNECTION_UPDATE",
  "status": 200,
  "response": ""
}
----
[2026-04-07T16:10:03.413Z]
{
  "action": "webhook_post_start",
  "url": "https://localhost/bebots/webhook/wapi",
  "instance": "5363511379",
  "type": "CONNECTION_UPDATE",
  "data": {
    "dataType": "object",
    "isArray": false,
    "keys": [
      "connection"
    ]
  }
}
----
[2026-04-07T16:10:03.413Z]
{
  "action": "webhook_post_start",
  "url": "https://localhost/bebots/webhook/wapi",
  "instance": "5363511379",
  "type": "CONNECTION_UPDATE",
  "data": {
    "dataType": "object",
    "isArray": false,
    "keys": [
      "isOnline"
    ]
  }
}
----
[2026-04-07T16:10:03.420Z]
{
  "action": "webhook_post_start",
  "url": "https://localhost/bebots/webhook/wapi",
  "instance": "5363511379",
  "type": "CONNECTION_UPDATE",
  "data": {
    "dataType": "object",
    "isArray": false,
    "keys": [
      "receivedPendingNotifications"
    ]
  }
}
----
[2026-04-07T16:10:03.470Z]
{
  "action": "webhook_post_result",
  "url": "https://localhost/bebots/webhook/wapi",
  "instance": "5363511379",
  "type": "CONNECTION_UPDATE",
  "status": 200,
  "response": ""
}
----
[2026-04-07T16:10:03.474Z]
{
  "action": "webhook_post_result",
  "url": "https://localhost/bebots/webhook/wapi",
  "instance": "5363511379",
  "type": "CONNECTION_UPDATE",
  "status": 200,
  "response": ""
}
----
[2026-04-07T16:10:03.474Z]
{
  "action": "webhook_post_result",
  "url": "https://localhost/bebots/webhook/wapi",
  "instance": "5363511379",
  "type": "CONNECTION_UPDATE",
  "status": 200,
  "response": ""
}
----
[2026-04-07T16:10:10.811Z]
{
  "action": "webhook_post_start",
  "url": "https://localhost/bebots/webhook/wapi",
  "instance": "5363511379",
  "type": "CONNECTION_UPDATE",
  "data": {
    "dataType": "object",
    "isArray": false,
    "keys": [
      "connection",
      "receivedPendingNotifications",
      "qr"
    ]
  }
}
----
[2026-04-07T16:10:10.869Z]
{
  "action": "webhook_post_result",
  "url": "https://localhost/bebots/webhook/wapi",
  "instance": "5363511379",
  "type": "CONNECTION_UPDATE",
  "status": 200,
  "response": ""
}
----
[2026-04-07T16:10:18.917Z]
{
  "action": "webhook_post_start",
  "url": "https://localhost/bebots/webhook/wapi",
  "instance": "5363511379",
  "type": "CONNECTION_UPDATE",
  "data": {
    "dataType": "object",
    "isArray": false,
    "keys": [
      "connection",
      "lastDisconnect"
    ]
  }
}
----
[2026-04-07T16:10:18.967Z]
{
  "action": "webhook_post_result",
  "url": "https://localhost/bebots/webhook/wapi",
  "instance": "5363511379",
  "type": "CONNECTION_UPDATE",
  "status": 200,
  "response": ""
}
----
[2026-04-07T16:10:22.969Z]
{
  "action": "webhook_post_start",
  "url": "https://localhost/bebots/webhook/wapi",
  "instance": "5363511379",
  "type": "CONNECTION_UPDATE",
  "data": {
    "dataType": "object",
    "isArray": false,
    "keys": [
      "isOnline"
    ]
  }
}
----
[2026-04-07T16:10:22.969Z]
{
  "action": "webhook_post_start",
  "url": "https://localhost/bebots/webhook/wapi",
  "instance": "5363511379",
  "type": "CONNECTION_UPDATE",
  "data": {
    "dataType": "object",
    "isArray": false,
    "keys": [
      "connection"
    ]
  }
}
----
[2026-04-07T16:10:22.978Z]
{
  "action": "webhook_post_start",
  "url": "https://localhost/bebots/webhook/wapi",
  "instance": "5363511379",
  "type": "CONNECTION_UPDATE",
  "data": {
    "dataType": "object",
    "isArray": false,
    "keys": [
      "receivedPendingNotifications"
    ]
  }
}
----
[2026-04-07T16:10:23.024Z]
{
  "action": "webhook_post_result",
  "url": "https://localhost/bebots/webhook/wapi",
  "instance": "5363511379",
  "type": "CONNECTION_UPDATE",
  "status": 200,
  "response": ""
}
----
[2026-04-07T16:10:23.040Z]
{
  "action": "webhook_post_result",
  "url": "https://localhost/bebots/webhook/wapi",
  "instance": "5363511379",
  "type": "CONNECTION_UPDATE",
  "status": 200,
  "response": ""
}
----
[2026-04-07T16:10:23.040Z]
{
  "action": "webhook_post_result",
  "url": "https://localhost/bebots/webhook/wapi",
  "instance": "5363511379",
  "type": "CONNECTION_UPDATE",
  "status": 200,
  "response": ""
}
----
[2026-04-07T16:10:32.678Z]
{
  "action": "webhook_post_start",
  "url": "https://localhost/bebots/webhook/wapi",
  "instance": "5363511379",
  "type": "CONNECTION_UPDATE",
  "data": {
    "dataType": "object",
    "isArray": false,
    "keys": [
      "connection",
      "receivedPendingNotifications",
      "qr"
    ]
  }
}
----
[2026-04-07T16:10:32.723Z]
{
  "action": "webhook_post_result",
  "url": "https://localhost/bebots/webhook/wapi",
  "instance": "5363511379",
  "type": "CONNECTION_UPDATE",
  "status": 200,
  "response": ""
}
----
[2026-04-07T16:10:36.332Z]
{
  "action": "webhook_post_start",
  "url": "https://localhost/bebots/webhook/wapi",
  "instance": "5363511379",
  "type": "CONNECTION_UPDATE",
  "data": {
    "dataType": "object",
    "isArray": false,
    "keys": [
      "connection",
      "lastDisconnect"
    ]
  }
}
----
[2026-04-07T16:10:36.377Z]
{
  "action": "webhook_post_result",
  "url": "https://localhost/bebots/webhook/wapi",
  "instance": "5363511379",
  "type": "CONNECTION_UPDATE",
  "status": 200,
  "response": ""
}
----
[2026-04-07T16:10:37.636Z]
{
  "action": "webhook_post_start",
  "url": "https://localhost/bebots/webhook/wapi",
  "instance": "5363511379",
  "type": "CONNECTION_UPDATE",
  "data": {
    "dataType": "object",
    "isArray": false,
    "keys": [
      "isOnline"
    ]
  }
}
----
[2026-04-07T16:10:37.636Z]
{
  "action": "webhook_post_start",
  "url": "https://localhost/bebots/webhook/wapi",
  "instance": "5363511379",
  "type": "CONNECTION_UPDATE",
  "data": {
    "dataType": "object",
    "isArray": false,
    "keys": [
      "connection"
    ]
  }
}
----
[2026-04-07T16:10:37.691Z]
{
  "action": "webhook_post_start",
  "url": "https://localhost/bebots/webhook/wapi",
  "instance": "5363511379",
  "type": "CONNECTION_UPDATE",
  "data": {
    "dataType": "object",
    "isArray": false,
    "keys": [
      "receivedPendingNotifications"
    ]
  }
}
----
[2026-04-07T16:10:37.721Z]
{
  "action": "webhook_post_result",
  "url": "https://localhost/bebots/webhook/wapi",
  "instance": "5363511379",
  "type": "CONNECTION_UPDATE",
  "status": 200,
  "response": ""
}
----
[2026-04-07T16:10:37.740Z]
{
  "action": "webhook_post_result",
  "url": "https://localhost/bebots/webhook/wapi",
  "instance": "5363511379",
  "type": "CONNECTION_UPDATE",
  "status": 200,
  "response": ""
}
----
[2026-04-07T16:10:37.768Z]
{
  "action": "webhook_post_result",
  "url": "https://localhost/bebots/webhook/wapi",
  "instance": "5363511379",
  "type": "CONNECTION_UPDATE",
  "status": 200,
  "response": ""
}
----
[2026-04-07T16:10:52.043Z]
{
  "action": "webhook_post_start",
  "url": "https://localhost/bebots/webhook/wapi",
  "instance": "5363511379",
  "type": "CONNECTION_UPDATE",
  "data": {
    "dataType": "object",
    "isArray": false,
    "keys": [
      "connection",
      "receivedPendingNotifications",
      "qr"
    ]
  }
}
----
[2026-04-07T16:10:52.110Z]
{
  "action": "webhook_post_result",
  "url": "https://localhost/bebots/webhook/wapi",
  "instance": "5363511379",
  "type": "CONNECTION_UPDATE",
  "status": 200,
  "response": ""
}
----
[2026-04-07T16:11:10.340Z]
{
  "action": "webhook_post_start",
  "url": "https://localhost/bebots/webhook/wapi",
  "instance": "5363511379",
  "type": "CONNECTION_UPDATE",
  "data": {
    "dataType": "object",
    "isArray": false,
    "keys": [
      "connection",
      "lastDisconnect"
    ]
  }
}
----
[2026-04-07T16:11:10.452Z]
{
  "action": "webhook_post_result",
  "url": "https://localhost/bebots/webhook/wapi",
  "instance": "5363511379",
  "type": "CONNECTION_UPDATE",
  "status": 200,
  "response": ""
}
----
[2026-04-07T16:11:25.996Z]
{
  "action": "webhook_post_start",
  "url": "https://localhost/bebots/webhook/wapi",
  "instance": "5363511379",
  "type": "CONNECTION_UPDATE",
  "data": {
    "dataType": "object",
    "isArray": false,
    "keys": [
      "connection",
      "receivedPendingNotifications",
      "qr"
    ]
  }
}
----
[2026-04-07T16:11:26.096Z]
{
  "action": "webhook_post_result",
  "url": "https://localhost/bebots/webhook/wapi",
  "instance": "5363511379",
  "type": "CONNECTION_UPDATE",
  "status": 200,
  "response": ""
}
----
[2026-04-07T16:11:40.493Z]
{
  "action": "webhook_post_start",
  "url": "https://localhost/bebots/webhook/wapi",
  "instance": "5363511379",
  "type": "CONNECTION_UPDATE",
  "data": {
    "dataType": "object",
    "isArray": false,
    "keys": [
      "connection",
      "lastDisconnect"
    ]
  }
}
----
[2026-04-07T16:11:40.793Z]
{
  "action": "webhook_post_result",
  "url": "https://localhost/bebots/webhook/wapi",
  "instance": "5363511379",
  "type": "CONNECTION_UPDATE",
  "status": 200,
  "response": ""
}
----
[2026-04-07T16:11:49.932Z]
{
  "action": "webhook_post_start",
  "url": "https://localhost/bebots/webhook/wapi",
  "instance": "5363511379",
  "type": "CONNECTION_UPDATE",
  "data": {
    "dataType": "object",
    "isArray": false,
    "keys": [
      "connection",
      "receivedPendingNotifications",
      "qr"
    ]
  }
}
----
[2026-04-07T16:11:50.000Z]
{
  "action": "webhook_post_result",
  "url": "https://localhost/bebots/webhook/wapi",
  "instance": "5363511379",
  "type": "CONNECTION_UPDATE",
  "status": 200,
  "response": ""
}
----
[2026-04-07T16:11:54.019Z]
{
  "action": "webhook_post_start",
  "url": "https://localhost/bebots/webhook/wapi",
  "instance": "5363511379",
  "type": "CONNECTION_UPDATE",
  "data": {
    "dataType": "object",
    "isArray": false,
    "keys": [
      "connection",
      "lastDisconnect"
    ]
  }
}
----
[2026-04-07T16:11:54.300Z]
{
  "action": "webhook_post_result",
  "url": "https://localhost/bebots/webhook/wapi",
  "instance": "5363511379",
  "type": "CONNECTION_UPDATE",
  "status": 200,
  "response": ""
}
----
[2026-04-07T16:11:55.485Z]
{
  "action": "webhook_post_start",
  "url": "https://localhost/bebots/webhook/wapi",
  "instance": "5363511379",
  "type": "CONNECTION_UPDATE",
  "data": {
    "dataType": "object",
    "isArray": false,
    "keys": [
      "isOnline"
    ]
  }
}
----
[2026-04-07T16:11:55.485Z]
{
  "action": "webhook_post_start",
  "url": "https://localhost/bebots/webhook/wapi",
  "instance": "5363511379",
  "type": "CONNECTION_UPDATE",
  "data": {
    "dataType": "object",
    "isArray": false,
    "keys": [
      "connection"
    ]
  }
}
----
[2026-04-07T16:11:55.543Z]
{
  "action": "webhook_post_result",
  "url": "https://localhost/bebots/webhook/wapi",
  "instance": "5363511379",
  "type": "CONNECTION_UPDATE",
  "status": 200,
  "response": ""
}
----
[2026-04-07T16:11:55.543Z]
{
  "action": "webhook_post_result",
  "url": "https://localhost/bebots/webhook/wapi",
  "instance": "5363511379",
  "type": "CONNECTION_UPDATE",
  "status": 200,
  "response": ""
}
----
[2026-04-07T16:11:55.620Z]
{
  "action": "webhook_post_start",
  "url": "https://localhost/bebots/webhook/wapi",
  "instance": "5363511379",
  "type": "CONNECTION_UPDATE",
  "data": {
    "dataType": "object",
    "isArray": false,
    "keys": [
      "receivedPendingNotifications"
    ]
  }
}
----
[2026-04-07T16:11:55.667Z]
{
  "action": "webhook_post_result",
  "url": "https://localhost/bebots/webhook/wapi",
  "instance": "5363511379",
  "type": "CONNECTION_UPDATE",
  "status": 200,
  "response": ""
}
----
[2026-04-07T16:12:01.611Z]
{
  "action": "webhook_post_start",
  "url": "https://localhost/bebots/webhook/wapi",
  "instance": "5363511379",
  "type": "CONNECTION_UPDATE",
  "data": {
    "dataType": "object",
    "isArray": false,
    "keys": [
      "connection",
      "receivedPendingNotifications",
      "qr"
    ]
  }
}
----
[2026-04-07T16:12:01.680Z]
{
  "action": "webhook_post_result",
  "url": "https://localhost/bebots/webhook/wapi",
  "instance": "5363511379",
  "type": "CONNECTION_UPDATE",
  "status": 200,
  "response": ""
}
----
[2026-04-07T16:12:04.579Z]
{
  "action": "webhook_post_start",
  "url": "https://localhost/bebots/webhook/wapi",
  "instance": "5363511379",
  "type": "CONNECTION_UPDATE",
  "data": {
    "dataType": "object",
    "isArray": false,
    "keys": [
      "connection",
      "lastDisconnect"
    ]
  }
}
----
[2026-04-07T16:12:04.858Z]
{
  "action": "webhook_post_result",
  "url": "https://localhost/bebots/webhook/wapi",
  "instance": "5363511379",
  "type": "CONNECTION_UPDATE",
  "status": 200,
  "response": ""
}
----
[2026-04-07T16:12:08.000Z]
{
  "action": "webhook_post_start",
  "url": "https://localhost/bebots/webhook/wapi",
  "instance": "5363511379",
  "type": "CONNECTION_UPDATE",
  "data": {
    "dataType": "object",
    "isArray": false,
    "keys": [
      "isOnline"
    ]
  }
}
----
[2026-04-07T16:12:08.001Z]
{
  "action": "webhook_post_start",
  "url": "https://localhost/bebots/webhook/wapi",
  "instance": "5363511379",
  "type": "CONNECTION_UPDATE",
  "data": {
    "dataType": "object",
    "isArray": false,
    "keys": [
      "connection"
    ]
  }
}
----
[2026-04-07T16:12:08.066Z]
{
  "action": "webhook_post_result",
  "url": "https://localhost/bebots/webhook/wapi",
  "instance": "5363511379",
  "type": "CONNECTION_UPDATE",
  "status": 200,
  "response": ""
}
----
[2026-04-07T16:12:08.066Z]
{
  "action": "webhook_post_result",
  "url": "https://localhost/bebots/webhook/wapi",
  "instance": "5363511379",
  "type": "CONNECTION_UPDATE",
  "status": 200,
  "response": ""
}
----
[2026-04-07T16:12:08.196Z]
{
  "action": "webhook_post_start",
  "url": "https://localhost/bebots/webhook/wapi",
  "instance": "5363511379",
  "type": "CONNECTION_UPDATE",
  "data": {
    "dataType": "object",
    "isArray": false,
    "keys": [
      "receivedPendingNotifications"
    ]
  }
}
----
[2026-04-07T16:12:08.248Z]
{
  "action": "webhook_post_result",
  "url": "https://localhost/bebots/webhook/wapi",
  "instance": "5363511379",
  "type": "CONNECTION_UPDATE",
  "status": 200,
  "response": ""
}
----
[2026-04-07T16:12:12.805Z]
{
  "action": "webhook_post_start",
  "url": "https://localhost/bebots/webhook/wapi",
  "instance": "5363511379",
  "type": "CONNECTION_UPDATE",
  "data": {
    "dataType": "object",
    "isArray": false,
    "keys": [
      "connection",
      "receivedPendingNotifications",
      "qr"
    ]
  }
}
----
[2026-04-07T16:12:12.844Z]
{
  "action": "webhook_post_result",
  "url": "https://localhost/bebots/webhook/wapi",
  "instance": "5363511379",
  "type": "CONNECTION_UPDATE",
  "status": 200,
  "response": ""
}
----
[2026-04-07T16:12:15.048Z]
{
  "action": "webhook_post_start",
  "url": "https://localhost/bebots/webhook/wapi",
  "instance": "5363511379",
  "type": "CONNECTION_UPDATE",
  "data": {
    "dataType": "object",
    "isArray": false,
    "keys": [
      "connection",
      "lastDisconnect"
    ]
  }
}
----
[2026-04-07T16:12:15.326Z]
{
  "action": "webhook_post_result",
  "url": "https://localhost/bebots/webhook/wapi",
  "instance": "5363511379",
  "type": "CONNECTION_UPDATE",
  "status": 200,
  "response": ""
}
----
[2026-04-07T16:12:17.250Z]
{
  "action": "webhook_post_start",
  "url": "https://localhost/bebots/webhook/wapi",
  "instance": "5363511379",
  "type": "CONNECTION_UPDATE",
  "data": {
    "dataType": "object",
    "isArray": false,
    "keys": [
      "isOnline"
    ]
  }
}
----
[2026-04-07T16:12:17.251Z]
{
  "action": "webhook_post_start",
  "url": "https://localhost/bebots/webhook/wapi",
  "instance": "5363511379",
  "type": "CONNECTION_UPDATE",
  "data": {
    "dataType": "object",
    "isArray": false,
    "keys": [
      "connection"
    ]
  }
}
----
[2026-04-07T16:12:17.251Z]
{
  "action": "webhook_post_start",
  "url": "https://localhost/bebots/webhook/wapi",
  "instance": "5363511379",
  "type": "CONNECTION_UPDATE",
  "data": {
    "dataType": "object",
    "isArray": false,
    "keys": [
      "receivedPendingNotifications"
    ]
  }
}
----
[2026-04-07T16:12:17.316Z]
{
  "action": "webhook_post_result",
  "url": "https://localhost/bebots/webhook/wapi",
  "instance": "5363511379",
  "type": "CONNECTION_UPDATE",
  "status": 200,
  "response": ""
}
----
[2026-04-07T16:12:17.323Z]
{
  "action": "webhook_post_result",
  "url": "https://localhost/bebots/webhook/wapi",
  "instance": "5363511379",
  "type": "CONNECTION_UPDATE",
  "status": 200,
  "response": ""
}
----
[2026-04-07T16:12:17.324Z]
{
  "action": "webhook_post_result",
  "url": "https://localhost/bebots/webhook/wapi",
  "instance": "5363511379",
  "type": "CONNECTION_UPDATE",
  "status": 200,
  "response": ""
}
----
[2026-04-07T16:12:21.309Z]
{
  "action": "webhook_post_start",
  "url": "https://localhost/bebots/webhook/wapi",
  "instance": "5363511379",
  "type": "CONNECTION_UPDATE",
  "data": {
    "dataType": "object",
    "isArray": false,
    "keys": [
      "connection",
      "receivedPendingNotifications",
      "qr"
    ]
  }
}
----
[2026-04-07T16:12:21.372Z]
{
  "action": "webhook_post_result",
  "url": "https://localhost/bebots/webhook/wapi",
  "instance": "5363511379",
  "type": "CONNECTION_UPDATE",
  "status": 200,
  "response": ""
}
----
[2026-04-07T16:12:23.269Z]
{
  "action": "webhook_post_start",
  "url": "https://localhost/bebots/webhook/wapi",
  "instance": "5363511379",
  "type": "CONNECTION_UPDATE",
  "data": {
    "dataType": "object",
    "isArray": false,
    "keys": [
      "connection",
      "lastDisconnect"
    ]
  }
}
----
[2026-04-07T16:12:23.557Z]
{
  "action": "webhook_post_result",
  "url": "https://localhost/bebots/webhook/wapi",
  "instance": "5363511379",
  "type": "CONNECTION_UPDATE",
  "status": 200,
  "response": ""
}
----
[2026-04-07T16:12:24.218Z]
{
  "action": "webhook_post_start",
  "url": "https://localhost/bebots/webhook/wapi",
  "instance": "5363511379",
  "type": "CONNECTION_UPDATE",
  "data": {
    "dataType": "object",
    "isArray": false,
    "keys": [
      "connection"
    ]
  }
}
----
[2026-04-07T16:12:24.218Z]
{
  "action": "webhook_post_start",
  "url": "https://localhost/bebots/webhook/wapi",
  "instance": "5363511379",
  "type": "CONNECTION_UPDATE",
  "data": {
    "dataType": "object",
    "isArray": false,
    "keys": [
      "isOnline"
    ]
  }
}
----
[2026-04-07T16:12:24.260Z]
{
  "action": "webhook_post_result",
  "url": "https://localhost/bebots/webhook/wapi",
  "instance": "5363511379",
  "type": "CONNECTION_UPDATE",
  "status": 200,
  "response": ""
}
----
[2026-04-07T16:12:24.260Z]
{
  "action": "webhook_post_result",
  "url": "https://localhost/bebots/webhook/wapi",
  "instance": "5363511379",
  "type": "CONNECTION_UPDATE",
  "status": 200,
  "response": ""
}
----
[2026-04-07T16:12:24.270Z]
{
  "action": "webhook_post_start",
  "url": "https://localhost/bebots/webhook/wapi",
  "instance": "5363511379",
  "type": "CONNECTION_UPDATE",
  "data": {
    "dataType": "object",
    "isArray": false,
    "keys": [
      "receivedPendingNotifications"
    ]
  }
}
----
[2026-04-07T16:12:24.306Z]
{
  "action": "webhook_post_result",
  "url": "https://localhost/bebots/webhook/wapi",
  "instance": "5363511379",
  "type": "CONNECTION_UPDATE",
  "status": 200,
  "response": ""
}
----
[2026-04-07T16:12:29.514Z]
{
  "action": "webhook_post_start",
  "url": "https://localhost/bebots/webhook/wapi",
  "instance": "5363511379",
  "type": "CONNECTION_UPDATE",
  "data": {
    "dataType": "object",
    "isArray": false,
    "keys": [
      "connection",
      "receivedPendingNotifications",
      "qr"
    ]
  }
}
----
[2026-04-07T16:12:29.575Z]
{
  "action": "webhook_post_result",
  "url": "https://localhost/bebots/webhook/wapi",
  "instance": "5363511379",
  "type": "CONNECTION_UPDATE",
  "status": 200,
  "response": ""
}
----
[2026-04-07T16:12:31.516Z]
{
  "action": "webhook_post_start",
  "url": "https://localhost/bebots/webhook/wapi",
  "instance": "5363511379",
  "type": "CONNECTION_UPDATE",
  "data": {
    "dataType": "object",
    "isArray": false,
    "keys": [
      "connection",
      "lastDisconnect"
    ]
  }
}
----
[2026-04-07T16:12:31.793Z]
{
  "action": "webhook_post_result",
  "url": "https://localhost/bebots/webhook/wapi",
  "instance": "5363511379",
  "type": "CONNECTION_UPDATE",
  "status": 200,
  "response": ""
}
----
[2026-04-07T16:12:33.169Z]
{
  "action": "webhook_post_start",
  "url": "https://localhost/bebots/webhook/wapi",
  "instance": "5363511379",
  "type": "CONNECTION_UPDATE",
  "data": {
    "dataType": "object",
    "isArray": false,
    "keys": [
      "isOnline"
    ]
  }
}
----
[2026-04-07T16:12:33.169Z]
{
  "action": "webhook_post_start",
  "url": "https://localhost/bebots/webhook/wapi",
  "instance": "5363511379",
  "type": "CONNECTION_UPDATE",
  "data": {
    "dataType": "object",
    "isArray": false,
    "keys": [
      "connection"
    ]
  }
}
----
[2026-04-07T16:12:33.169Z]
{
  "action": "webhook_post_start",
  "url": "https://localhost/bebots/webhook/wapi",
  "instance": "5363511379",
  "type": "CONNECTION_UPDATE",
  "data": {
    "dataType": "object",
    "isArray": false,
    "keys": [
      "receivedPendingNotifications"
    ]
  }
}
----
[2026-04-07T16:12:33.239Z]
{
  "action": "webhook_post_result",
  "url": "https://localhost/bebots/webhook/wapi",
  "instance": "5363511379",
  "type": "CONNECTION_UPDATE",
  "status": 200,
  "response": ""
}
----
[2026-04-07T16:12:33.252Z]
{
  "action": "webhook_post_result",
  "url": "https://localhost/bebots/webhook/wapi",
  "instance": "5363511379",
  "type": "CONNECTION_UPDATE",
  "status": 200,
  "response": ""
}
----
[2026-04-07T16:12:33.264Z]
{
  "action": "webhook_post_result",
  "url": "https://localhost/bebots/webhook/wapi",
  "instance": "5363511379",
  "type": "CONNECTION_UPDATE",
  "status": 200,
  "response": ""
}
----
[2026-04-07T16:12:37.564Z]
{
  "action": "webhook_post_start",
  "url": "https://localhost/bebots/webhook/wapi",
  "instance": "5363511379",
  "type": "CONNECTION_UPDATE",
  "data": {
    "dataType": "object",
    "isArray": false,
    "keys": [
      "connection",
      "receivedPendingNotifications",
      "qr"
    ]
  }
}
----
[2026-04-07T16:12:37.630Z]
{
  "action": "webhook_post_result",
  "url": "https://localhost/bebots/webhook/wapi",
  "instance": "5363511379",
  "type": "CONNECTION_UPDATE",
  "status": 200,
  "response": ""
}
----
[2026-04-07T16:12:39.500Z]
{
  "action": "webhook_post_start",
  "url": "https://localhost/bebots/webhook/wapi",
  "instance": "5363511379",
  "type": "CONNECTION_UPDATE",
  "data": {
    "dataType": "object",
    "isArray": false,
    "keys": [
      "connection",
      "lastDisconnect"
    ]
  }
}
----
[2026-04-07T16:12:39.597Z]
{
  "action": "webhook_post_result",
  "url": "https://localhost/bebots/webhook/wapi",
  "instance": "5363511379",
  "type": "CONNECTION_UPDATE",
  "status": 200,
  "response": ""
}
----
[2026-04-07T16:12:42.166Z]
{
  "action": "webhook_post_start",
  "url": "https://localhost/bebots/webhook/wapi",
  "instance": "5363511379",
  "type": "CONNECTION_UPDATE",
  "data": {
    "dataType": "object",
    "isArray": false,
    "keys": [
      "isOnline"
    ]
  }
}
----
[2026-04-07T16:12:42.167Z]
{
  "action": "webhook_post_start",
  "url": "https://localhost/bebots/webhook/wapi",
  "instance": "5363511379",
  "type": "CONNECTION_UPDATE",
  "data": {
    "dataType": "object",
    "isArray": false,
    "keys": [
      "connection"
    ]
  }
}
----
[2026-04-07T16:12:42.216Z]
{
  "action": "webhook_post_result",
  "url": "https://localhost/bebots/webhook/wapi",
  "instance": "5363511379",
  "type": "CONNECTION_UPDATE",
  "status": 200,
  "response": ""
}
----
[2026-04-07T16:12:42.221Z]
{
  "action": "webhook_post_result",
  "url": "https://localhost/bebots/webhook/wapi",
  "instance": "5363511379",
  "type": "CONNECTION_UPDATE",
  "status": 200,
  "response": ""
}
----
[2026-04-07T16:12:42.340Z]
{
  "action": "webhook_post_start",
  "url": "https://localhost/bebots/webhook/wapi",
  "instance": "5363511379",
  "type": "CONNECTION_UPDATE",
  "data": {
    "dataType": "object",
    "isArray": false,
    "keys": [
      "receivedPendingNotifications"
    ]
  }
}
----
[2026-04-07T16:12:42.402Z]
{
  "action": "webhook_post_result",
  "url": "https://localhost/bebots/webhook/wapi",
  "instance": "5363511379",
  "type": "CONNECTION_UPDATE",
  "status": 200,
  "response": ""
}
----
[2026-04-07T16:12:46.265Z]
{
  "action": "webhook_post_start",
  "url": "https://localhost/bebots/webhook/wapi",
  "instance": "5363511379",
  "type": "CONNECTION_UPDATE",
  "data": {
    "dataType": "object",
    "isArray": false,
    "keys": [
      "connection",
      "receivedPendingNotifications",
      "qr"
    ]
  }
}
----
[2026-04-07T16:12:46.318Z]
{
  "action": "webhook_post_result",
  "url": "https://localhost/bebots/webhook/wapi",
  "instance": "5363511379",
  "type": "CONNECTION_UPDATE",
  "status": 200,
  "response": ""
}
----
[2026-04-07T16:12:49.819Z]
{
  "action": "webhook_post_start",
  "url": "https://localhost/bebots/webhook/wapi",
  "instance": "5363511379",
  "type": "CONNECTION_UPDATE",
  "data": {
    "dataType": "object",
    "isArray": false,
    "keys": [
      "connection",
      "lastDisconnect"
    ]
  }
}
----
[2026-04-07T16:12:49.914Z]
{
  "action": "webhook_post_result",
  "url": "https://localhost/bebots/webhook/wapi",
  "instance": "5363511379",
  "type": "CONNECTION_UPDATE",
  "status": 200,
  "response": ""
}
----
[2026-04-07T16:12:52.762Z]
{
  "action": "webhook_post_start",
  "url": "https://localhost/bebots/webhook/wapi",
  "instance": "5363511379",
  "type": "CONNECTION_UPDATE",
  "data": {
    "dataType": "object",
    "isArray": false,
    "keys": [
      "isOnline"
    ]
  }
}
----
[2026-04-07T16:12:52.762Z]
{
  "action": "webhook_post_start",
  "url": "https://localhost/bebots/webhook/wapi",
  "instance": "5363511379",
  "type": "CONNECTION_UPDATE",
  "data": {
    "dataType": "object",
    "isArray": false,
    "keys": [
      "receivedPendingNotifications"
    ]
  }
}
----
[2026-04-07T16:12:52.762Z]
{
  "action": "webhook_post_start",
  "url": "https://localhost/bebots/webhook/wapi",
  "instance": "5363511379",
  "type": "CONNECTION_UPDATE",
  "data": {
    "dataType": "object",
    "isArray": false,
    "keys": [
      "connection"
    ]
  }
}
----
[2026-04-07T16:12:52.822Z]
{
  "action": "webhook_post_result",
  "url": "https://localhost/bebots/webhook/wapi",
  "instance": "5363511379",
  "type": "CONNECTION_UPDATE",
  "status": 200,
  "response": ""
}
----
[2026-04-07T16:12:52.822Z]
{
  "action": "webhook_post_result",
  "url": "https://localhost/bebots/webhook/wapi",
  "instance": "5363511379",
  "type": "CONNECTION_UPDATE",
  "status": 200,
  "response": ""
}
----
[2026-04-07T16:12:52.847Z]
{
  "action": "webhook_post_result",
  "url": "https://localhost/bebots/webhook/wapi",
  "instance": "5363511379",
  "type": "CONNECTION_UPDATE",
  "status": 200,
  "response": ""
}
----
[2026-04-07T16:12:59.165Z]
{
  "action": "webhook_post_start",
  "url": "https://localhost/bebots/webhook/wapi",
  "instance": "5363511379",
  "type": "CONNECTION_UPDATE",
  "data": {
    "dataType": "object",
    "isArray": false,
    "keys": [
      "connection",
      "receivedPendingNotifications",
      "qr"
    ]
  }
}
----
[2026-04-07T16:12:59.234Z]
{
  "action": "webhook_post_result",
  "url": "https://localhost/bebots/webhook/wapi",
  "instance": "5363511379",
  "type": "CONNECTION_UPDATE",
  "status": 200,
  "response": ""
}
----
[2026-04-07T16:13:02.689Z]
{
  "action": "webhook_post_start",
  "url": "https://localhost/bebots/webhook/wapi",
  "instance": "5363511379",
  "type": "CONNECTION_UPDATE",
  "data": {
    "dataType": "object",
    "isArray": false,
    "keys": [
      "connection",
      "lastDisconnect"
    ]
  }
}
----
[2026-04-07T16:13:02.743Z]
{
  "action": "webhook_post_result",
  "url": "https://localhost/bebots/webhook/wapi",
  "instance": "5363511379",
  "type": "CONNECTION_UPDATE",
  "status": 200,
  "response": ""
}
----
[2026-04-07T16:13:06.478Z]
{
  "action": "webhook_post_start",
  "url": "https://localhost/bebots/webhook/wapi",
  "instance": "5363511379",
  "type": "CONNECTION_UPDATE",
  "data": {
    "dataType": "object",
    "isArray": false,
    "keys": [
      "isOnline"
    ]
  }
}
----
[2026-04-07T16:13:06.478Z]
{
  "action": "webhook_post_start",
  "url": "https://localhost/bebots/webhook/wapi",
  "instance": "5363511379",
  "type": "CONNECTION_UPDATE",
  "data": {
    "dataType": "object",
    "isArray": false,
    "keys": [
      "connection"
    ]
  }
}
----
[2026-04-07T16:13:06.478Z]
{
  "action": "webhook_post_start",
  "url": "https://localhost/bebots/webhook/wapi",
  "instance": "5363511379",
  "type": "CONNECTION_UPDATE",
  "data": {
    "dataType": "object",
    "isArray": false,
    "keys": [
      "receivedPendingNotifications"
    ]
  }
}
----
[2026-04-07T16:13:06.531Z]
{
  "action": "webhook_post_result",
  "url": "https://localhost/bebots/webhook/wapi",
  "instance": "5363511379",
  "type": "CONNECTION_UPDATE",
  "status": 200,
  "response": ""
}
----
[2026-04-07T16:13:06.531Z]
{
  "action": "webhook_post_result",
  "url": "https://localhost/bebots/webhook/wapi",
  "instance": "5363511379",
  "type": "CONNECTION_UPDATE",
  "status": 200,
  "response": ""
}
----
[2026-04-07T16:13:06.541Z]
{
  "action": "webhook_post_result",
  "url": "https://localhost/bebots/webhook/wapi",
  "instance": "5363511379",
  "type": "CONNECTION_UPDATE",
  "status": 200,
  "response": ""
}
----
[2026-04-07T16:13:12.583Z]
{
  "action": "webhook_post_start",
  "url": "https://localhost/bebots/webhook/wapi",
  "instance": "5363511379",
  "type": "CONNECTION_UPDATE",
  "data": {
    "dataType": "object",
    "isArray": false,
    "keys": [
      "connection",
      "receivedPendingNotifications",
      "qr"
    ]
  }
}
----
[2026-04-07T16:13:12.625Z]
{
  "action": "webhook_post_result",
  "url": "https://localhost/bebots/webhook/wapi",
  "instance": "5363511379",
  "type": "CONNECTION_UPDATE",
  "status": 200,
  "response": ""
}
----
[2026-04-07T16:13:16.805Z]
{
  "action": "webhook_post_start",
  "url": "https://localhost/bebots/webhook/wapi",
  "instance": "5363511379",
  "type": "CONNECTION_UPDATE",
  "data": {
    "dataType": "object",
    "isArray": false,
    "keys": [
      "connection",
      "lastDisconnect"
    ]
  }
}
----
[2026-04-07T16:13:16.854Z]
{
  "action": "webhook_post_result",
  "url": "https://localhost/bebots/webhook/wapi",
  "instance": "5363511379",
  "type": "CONNECTION_UPDATE",
  "status": 200,
  "response": ""
}
----
[2026-04-07T16:13:19.509Z]
{
  "action": "webhook_post_start",
  "url": "https://localhost/bebots/webhook/wapi",
  "instance": "5363511379",
  "type": "CONNECTION_UPDATE",
  "data": {
    "dataType": "object",
    "isArray": false,
    "keys": [
      "connection"
    ]
  }
}
----
[2026-04-07T16:13:19.509Z]
{
  "action": "webhook_post_start",
  "url": "https://localhost/bebots/webhook/wapi",
  "instance": "5363511379",
  "type": "CONNECTION_UPDATE",
  "data": {
    "dataType": "object",
    "isArray": false,
    "keys": [
      "isOnline"
    ]
  }
}
----
[2026-04-07T16:13:19.518Z]
{
  "action": "webhook_post_start",
  "url": "https://localhost/bebots/webhook/wapi",
  "instance": "5363511379",
  "type": "CONNECTION_UPDATE",
  "data": {
    "dataType": "object",
    "isArray": false,
    "keys": [
      "receivedPendingNotifications"
    ]
  }
}
----
[2026-04-07T16:13:19.562Z]
{
  "action": "webhook_post_result",
  "url": "https://localhost/bebots/webhook/wapi",
  "instance": "5363511379",
  "type": "CONNECTION_UPDATE",
  "status": 200,
  "response": ""
}
----
[2026-04-07T16:13:19.573Z]
{
  "action": "webhook_post_result",
  "url": "https://localhost/bebots/webhook/wapi",
  "instance": "5363511379",
  "type": "CONNECTION_UPDATE",
  "status": 200,
  "response": ""
}
----
[2026-04-07T16:13:19.577Z]
{
  "action": "webhook_post_result",
  "url": "https://localhost/bebots/webhook/wapi",
  "instance": "5363511379",
  "type": "CONNECTION_UPDATE",
  "status": 200,
  "response": ""
}
----
[2026-04-07T16:13:23.716Z]
{
  "action": "webhook_post_start",
  "url": "https://localhost/bebots/webhook/wapi",
  "instance": "5363511379",
  "type": "CONNECTION_UPDATE",
  "data": {
    "dataType": "object",
    "isArray": false,
    "keys": [
      "connection",
      "receivedPendingNotifications",
      "qr"
    ]
  }
}
----
[2026-04-07T16:13:23.807Z]
{
  "action": "webhook_post_result",
  "url": "https://localhost/bebots/webhook/wapi",
  "instance": "5363511379",
  "type": "CONNECTION_UPDATE",
  "status": 200,
  "response": ""
}
----
[2026-04-07T16:13:26.888Z]
{
  "action": "webhook_post_start",
  "url": "https://localhost/bebots/webhook/wapi",
  "instance": "5363511379",
  "type": "CONNECTION_UPDATE",
  "data": {
    "dataType": "object",
    "isArray": false,
    "keys": [
      "connection",
      "lastDisconnect"
    ]
  }
}
----
[2026-04-07T16:13:26.986Z]
{
  "action": "webhook_post_result",
  "url": "https://localhost/bebots/webhook/wapi",
  "instance": "5363511379",
  "type": "CONNECTION_UPDATE",
  "status": 200,
  "response": ""
}
----
[2026-04-07T16:13:30.038Z]
{
  "action": "webhook_post_start",
  "url": "https://localhost/bebots/webhook/wapi",
  "instance": "5363511379",
  "type": "CONNECTION_UPDATE",
  "data": {
    "dataType": "object",
    "isArray": false,
    "keys": [
      "isOnline"
    ]
  }
}
----
[2026-04-07T16:13:30.038Z]
{
  "action": "webhook_post_start",
  "url": "https://localhost/bebots/webhook/wapi",
  "instance": "5363511379",
  "type": "CONNECTION_UPDATE",
  "data": {
    "dataType": "object",
    "isArray": false,
    "keys": [
      "connection"
    ]
  }
}
----
[2026-04-07T16:13:30.038Z]
{
  "action": "webhook_post_start",
  "url": "https://localhost/bebots/webhook/wapi",
  "instance": "5363511379",
  "type": "CONNECTION_UPDATE",
  "data": {
    "dataType": "object",
    "isArray": false,
    "keys": [
      "receivedPendingNotifications"
    ]
  }
}
----
[2026-04-07T16:13:30.096Z]
{
  "action": "webhook_post_result",
  "url": "https://localhost/bebots/webhook/wapi",
  "instance": "5363511379",
  "type": "CONNECTION_UPDATE",
  "status": 200,
  "response": ""
}
----
[2026-04-07T16:13:30.102Z]
{
  "action": "webhook_post_result",
  "url": "https://localhost/bebots/webhook/wapi",
  "instance": "5363511379",
  "type": "CONNECTION_UPDATE",
  "status": 200,
  "response": ""
}
----
[2026-04-07T16:13:30.110Z]
{
  "action": "webhook_post_result",
  "url": "https://localhost/bebots/webhook/wapi",
  "instance": "5363511379",
  "type": "CONNECTION_UPDATE",
  "status": 200,
  "response": ""
}
----
[2026-04-07T16:13:34.795Z]
{
  "action": "webhook_post_start",
  "url": "https://localhost/bebots/webhook/wapi",
  "instance": "5363511379",
  "type": "CONNECTION_UPDATE",
  "data": {
    "dataType": "object",
    "isArray": false,
    "keys": [
      "connection",
      "receivedPendingNotifications",
      "qr"
    ]
  }
}
----
[2026-04-07T16:13:34.850Z]
{
  "action": "webhook_post_result",
  "url": "https://localhost/bebots/webhook/wapi",
  "instance": "5363511379",
  "type": "CONNECTION_UPDATE",
  "status": 200,
  "response": ""
}
----
[2026-04-07T16:13:39.582Z]
{
  "action": "webhook_post_start",
  "url": "https://localhost/bebots/webhook/wapi",
  "instance": "5363511379",
  "type": "CONNECTION_UPDATE",
  "data": {
    "dataType": "object",
    "isArray": false,
    "keys": [
      "connection",
      "lastDisconnect"
    ]
  }
}
----
[2026-04-07T16:13:39.648Z]
{
  "action": "webhook_post_result",
  "url": "https://localhost/bebots/webhook/wapi",
  "instance": "5363511379",
  "type": "CONNECTION_UPDATE",
  "status": 200,
  "response": ""
}
----
[2026-04-07T16:13:40.386Z]
{
  "action": "webhook_post_start",
  "url": "https://localhost/bebots/webhook/wapi",
  "instance": "5363511379",
  "type": "CONNECTION_UPDATE",
  "data": {
    "dataType": "object",
    "isArray": false,
    "keys": [
      "isOnline"
    ]
  }
}
----
[2026-04-07T16:13:40.386Z]
{
  "action": "webhook_post_start",
  "url": "https://localhost/bebots/webhook/wapi",
  "instance": "5363511379",
  "type": "CONNECTION_UPDATE",
  "data": {
    "dataType": "object",
    "isArray": false,
    "keys": [
      "connection"
    ]
  }
}
----
[2026-04-07T16:13:40.406Z]
{
  "action": "webhook_post_start",
  "url": "https://localhost/bebots/webhook/wapi",
  "instance": "5363511379",
  "type": "CONNECTION_UPDATE",
  "data": {
    "dataType": "object",
    "isArray": false,
    "keys": [
      "receivedPendingNotifications"
    ]
  }
}
----
[2026-04-07T16:13:40.455Z]
{
  "action": "webhook_post_result",
  "url": "https://localhost/bebots/webhook/wapi",
  "instance": "5363511379",
  "type": "CONNECTION_UPDATE",
  "status": 200,
  "response": ""
}
----
[2026-04-07T16:13:40.455Z]
{
  "action": "webhook_post_result",
  "url": "https://localhost/bebots/webhook/wapi",
  "instance": "5363511379",
  "type": "CONNECTION_UPDATE",
  "status": 200,
  "response": ""
}
----
[2026-04-07T16:13:40.455Z]
{
  "action": "webhook_post_result",
  "url": "https://localhost/bebots/webhook/wapi",
  "instance": "5363511379",
  "type": "CONNECTION_UPDATE",
  "status": 200,
  "response": ""
}
----
[2026-04-07T16:13:47.695Z]
{
  "action": "webhook_post_start",
  "url": "https://localhost/bebots/webhook/wapi",
  "instance": "5363511379",
  "type": "CONNECTION_UPDATE",
  "data": {
    "dataType": "object",
    "isArray": false,
    "keys": [
      "connection",
      "receivedPendingNotifications",
      "qr"
    ]
  }
}
----
[2026-04-07T16:13:47.738Z]
{
  "action": "webhook_post_result",
  "url": "https://localhost/bebots/webhook/wapi",
  "instance": "5363511379",
  "type": "CONNECTION_UPDATE",
  "status": 200,
  "response": ""
}
----
[2026-04-07T16:13:49.157Z]
{
  "action": "webhook_post_start",
  "url": "https://localhost/bebots/webhook/wapi",
  "instance": "5363511379",
  "type": "CONNECTION_UPDATE",
  "data": {
    "dataType": "object",
    "isArray": false,
    "keys": [
      "connection",
      "lastDisconnect"
    ]
  }
}
----
[2026-04-07T16:13:49.219Z]
{
  "action": "webhook_post_result",
  "url": "https://localhost/bebots/webhook/wapi",
  "instance": "5363511379",
  "type": "CONNECTION_UPDATE",
  "status": 200,
  "response": ""
}
----
[2026-04-07T16:13:50.133Z]
{
  "action": "webhook_post_start",
  "url": "https://localhost/bebots/webhook/wapi",
  "instance": "5363511379",
  "type": "CONNECTION_UPDATE",
  "data": {
    "dataType": "object",
    "isArray": false,
    "keys": [
      "connection"
    ]
  }
}
----
[2026-04-07T16:13:50.133Z]
{
  "action": "webhook_post_start",
  "url": "https://localhost/bebots/webhook/wapi",
  "instance": "5363511379",
  "type": "CONNECTION_UPDATE",
  "data": {
    "dataType": "object",
    "isArray": false,
    "keys": [
      "isOnline"
    ]
  }
}
----
[2026-04-07T16:13:50.133Z]
{
  "action": "webhook_post_start",
  "url": "https://localhost/bebots/webhook/wapi",
  "instance": "5363511379",
  "type": "CONNECTION_UPDATE",
  "data": {
    "dataType": "object",
    "isArray": false,
    "keys": [
      "receivedPendingNotifications"
    ]
  }
}
----
[2026-04-07T16:13:50.219Z]
{
  "action": "webhook_post_result",
  "url": "https://localhost/bebots/webhook/wapi",
  "instance": "5363511379",
  "type": "CONNECTION_UPDATE",
  "status": 200,
  "response": ""
}
----
[2026-04-07T16:13:50.233Z]
{
  "action": "webhook_post_result",
  "url": "https://localhost/bebots/webhook/wapi",
  "instance": "5363511379",
  "type": "CONNECTION_UPDATE",
  "status": 200,
  "response": ""
}
----
[2026-04-07T16:13:50.237Z]
{
  "action": "webhook_post_result",
  "url": "https://localhost/bebots/webhook/wapi",
  "instance": "5363511379",
  "type": "CONNECTION_UPDATE",
  "status": 200,
  "response": ""
}
----
[2026-04-07T16:13:55.453Z]
{
  "action": "webhook_post_start",
  "url": "https://localhost/bebots/webhook/wapi",
  "instance": "5363511379",
  "type": "CONNECTION_UPDATE",
  "data": {
    "dataType": "object",
    "isArray": false,
    "keys": [
      "connection",
      "receivedPendingNotifications",
      "qr"
    ]
  }
}
----
[2026-04-07T16:13:55.521Z]
{
  "action": "webhook_post_result",
  "url": "https://localhost/bebots/webhook/wapi",
  "instance": "5363511379",
  "type": "CONNECTION_UPDATE",
  "status": 200,
  "response": ""
}
----
[2026-04-07T16:13:57.342Z]
{
  "action": "webhook_post_start",
  "url": "https://localhost/bebots/webhook/wapi",
  "instance": "5363511379",
  "type": "CONNECTION_UPDATE",
  "data": {
    "dataType": "object",
    "isArray": false,
    "keys": [
      "connection",
      "lastDisconnect"
    ]
  }
}
----
[2026-04-07T16:13:57.408Z]
{
  "action": "webhook_post_result",
  "url": "https://localhost/bebots/webhook/wapi",
  "instance": "5363511379",
  "type": "CONNECTION_UPDATE",
  "status": 200,
  "response": ""
}
----
[2026-04-07T16:13:58.377Z]
{
  "action": "webhook_post_start",
  "url": "https://localhost/bebots/webhook/wapi",
  "instance": "5363511379",
  "type": "CONNECTION_UPDATE",
  "data": {
    "dataType": "object",
    "isArray": false,
    "keys": [
      "isOnline"
    ]
  }
}
----
[2026-04-07T16:13:58.377Z]
{
  "action": "webhook_post_start",
  "url": "https://localhost/bebots/webhook/wapi",
  "instance": "5363511379",
  "type": "CONNECTION_UPDATE",
  "data": {
    "dataType": "object",
    "isArray": false,
    "keys": [
      "connection"
    ]
  }
}
----
[2026-04-07T16:13:58.377Z]
{
  "action": "webhook_post_start",
  "url": "https://localhost/bebots/webhook/wapi",
  "instance": "5363511379",
  "type": "CONNECTION_UPDATE",
  "data": {
    "dataType": "object",
    "isArray": false,
    "keys": [
      "receivedPendingNotifications"
    ]
  }
}
----
[2026-04-07T16:13:58.425Z]
{
  "action": "webhook_post_result",
  "url": "https://localhost/bebots/webhook/wapi",
  "instance": "5363511379",
  "type": "CONNECTION_UPDATE",
  "status": 200,
  "response": ""
}
----
[2026-04-07T16:13:58.437Z]
{
  "action": "webhook_post_result",
  "url": "https://localhost/bebots/webhook/wapi",
  "instance": "5363511379",
  "type": "CONNECTION_UPDATE",
  "status": 200,
  "response": ""
}
----
[2026-04-07T16:13:58.437Z]
{
  "action": "webhook_post_result",
  "url": "https://localhost/bebots/webhook/wapi",
  "instance": "5363511379",
  "type": "CONNECTION_UPDATE",
  "status": 200,
  "response": ""
}
----
[2026-04-07T16:14:05.141Z]
{
  "action": "webhook_post_start",
  "url": "https://localhost/bebots/webhook/wapi",
  "instance": "5363511379",
  "type": "CONNECTION_UPDATE",
  "data": {
    "dataType": "object",
    "isArray": false,
    "keys": [
      "connection",
      "receivedPendingNotifications",
      "qr"
    ]
  }
}
----
[2026-04-07T16:14:05.198Z]
{
  "action": "webhook_post_result",
  "url": "https://localhost/bebots/webhook/wapi",
  "instance": "5363511379",
  "type": "CONNECTION_UPDATE",
  "status": 200,
  "response": ""
}
----
[2026-04-07T16:14:12.320Z]
{
  "action": "webhook_post_start",
  "url": "https://localhost/bebots/webhook/wapi",
  "instance": "5363511379",
  "type": "CONNECTION_UPDATE",
  "data": {
    "dataType": "object",
    "isArray": false,
    "keys": [
      "connection",
      "lastDisconnect"
    ]
  }
}
----
[2026-04-07T16:14:12.369Z]
{
  "action": "webhook_post_result",
  "url": "https://localhost/bebots/webhook/wapi",
  "instance": "5363511379",
  "type": "CONNECTION_UPDATE",
  "status": 200,
  "response": ""
}
----
[2026-04-07T16:14:15.084Z]
{
  "action": "webhook_post_start",
  "url": "https://localhost/bebots/webhook/wapi",
  "instance": "5363511379",
  "type": "CONNECTION_UPDATE",
  "data": {
    "dataType": "object",
    "isArray": false,
    "keys": [
      "connection"
    ]
  }
}
----
[2026-04-07T16:14:15.084Z]
{
  "action": "webhook_post_start",
  "url": "https://localhost/bebots/webhook/wapi",
  "instance": "5363511379",
  "type": "CONNECTION_UPDATE",
  "data": {
    "dataType": "object",
    "isArray": false,
    "keys": [
      "isOnline"
    ]
  }
}
----
[2026-04-07T16:14:15.084Z]
{
  "action": "webhook_post_start",
  "url": "https://localhost/bebots/webhook/wapi",
  "instance": "5363511379",
  "type": "CONNECTION_UPDATE",
  "data": {
    "dataType": "object",
    "isArray": false,
    "keys": [
      "receivedPendingNotifications"
    ]
  }
}
----
[2026-04-07T16:14:15.142Z]
{
  "action": "webhook_post_result",
  "url": "https://localhost/bebots/webhook/wapi",
  "instance": "5363511379",
  "type": "CONNECTION_UPDATE",
  "status": 200,
  "response": ""
}
----
[2026-04-07T16:14:15.142Z]
{
  "action": "webhook_post_result",
  "url": "https://localhost/bebots/webhook/wapi",
  "instance": "5363511379",
  "type": "CONNECTION_UPDATE",
  "status": 200,
  "response": ""
}
----
[2026-04-07T16:14:15.142Z]
{
  "action": "webhook_post_result",
  "url": "https://localhost/bebots/webhook/wapi",
  "instance": "5363511379",
  "type": "CONNECTION_UPDATE",
  "status": 200,
  "response": ""
}
----
[2026-04-07T16:14:19.550Z]
{
  "action": "webhook_post_start",
  "url": "https://localhost/bebots/webhook/wapi",
  "instance": "5363511379",
  "type": "CONNECTION_UPDATE",
  "data": {
    "dataType": "object",
    "isArray": false,
    "keys": [
      "connection",
      "receivedPendingNotifications",
      "qr"
    ]
  }
}
----
[2026-04-07T16:14:19.615Z]
{
  "action": "webhook_post_result",
  "url": "https://localhost/bebots/webhook/wapi",
  "instance": "5363511379",
  "type": "CONNECTION_UPDATE",
  "status": 200,
  "response": ""
}
----
[2026-04-07T16:14:21.322Z]
{
  "action": "webhook_post_start",
  "url": "https://localhost/bebots/webhook/wapi",
  "instance": "5363511379",
  "type": "CONNECTION_UPDATE",
  "data": {
    "dataType": "object",
    "isArray": false,
    "keys": [
      "connection",
      "lastDisconnect"
    ]
  }
}
----
[2026-04-07T16:14:21.390Z]
{
  "action": "webhook_post_result",
  "url": "https://localhost/bebots/webhook/wapi",
  "instance": "5363511379",
  "type": "CONNECTION_UPDATE",
  "status": 200,
  "response": ""
}
----
[2026-04-07T16:14:23.244Z]
{
  "action": "webhook_post_start",
  "url": "https://localhost/bebots/webhook/wapi",
  "instance": "5363511379",
  "type": "CONNECTION_UPDATE",
  "data": {
    "dataType": "object",
    "isArray": false,
    "keys": [
      "connection"
    ]
  }
}
----
[2026-04-07T16:14:23.244Z]
{
  "action": "webhook_post_start",
  "url": "https://localhost/bebots/webhook/wapi",
  "instance": "5363511379",
  "type": "CONNECTION_UPDATE",
  "data": {
    "dataType": "object",
    "isArray": false,
    "keys": [
      "isOnline"
    ]
  }
}
----
[2026-04-07T16:14:23.313Z]
{
  "action": "webhook_post_result",
  "url": "https://localhost/bebots/webhook/wapi",
  "instance": "5363511379",
  "type": "CONNECTION_UPDATE",
  "status": 200,
  "response": ""
}
----
[2026-04-07T16:14:23.318Z]
{
  "action": "webhook_post_result",
  "url": "https://localhost/bebots/webhook/wapi",
  "instance": "5363511379",
  "type": "CONNECTION_UPDATE",
  "status": 200,
  "response": ""
}
----
[2026-04-07T16:14:23.351Z]
{
  "action": "webhook_post_start",
  "url": "https://localhost/bebots/webhook/wapi",
  "instance": "5363511379",
  "type": "CONNECTION_UPDATE",
  "data": {
    "dataType": "object",
    "isArray": false,
    "keys": [
      "receivedPendingNotifications"
    ]
  }
}
----
[2026-04-07T16:14:23.407Z]
{
  "action": "webhook_post_result",
  "url": "https://localhost/bebots/webhook/wapi",
  "instance": "5363511379",
  "type": "CONNECTION_UPDATE",
  "status": 200,
  "response": ""
}
----
[2026-04-07T16:14:27.776Z]
{
  "action": "webhook_post_start",
  "url": "https://localhost/bebots/webhook/wapi",
  "instance": "5363511379",
  "type": "CONNECTION_UPDATE",
  "data": {
    "dataType": "object",
    "isArray": false,
    "keys": [
      "connection",
      "receivedPendingNotifications",
      "qr"
    ]
  }
}
----
[2026-04-07T16:14:27.828Z]
{
  "action": "webhook_post_result",
  "url": "https://localhost/bebots/webhook/wapi",
  "instance": "5363511379",
  "type": "CONNECTION_UPDATE",
  "status": 200,
  "response": ""
}
----
[2026-04-07T16:14:29.960Z]
{
  "action": "webhook_post_start",
  "url": "https://localhost/bebots/webhook/wapi",
  "instance": "5363511379",
  "type": "CONNECTION_UPDATE",
  "data": {
    "dataType": "object",
    "isArray": false,
    "keys": [
      "connection",
      "lastDisconnect"
    ]
  }
}
----
[2026-04-07T16:14:30.027Z]
{
  "action": "webhook_post_result",
  "url": "https://localhost/bebots/webhook/wapi",
  "instance": "5363511379",
  "type": "CONNECTION_UPDATE",
  "status": 200,
  "response": ""
}
----
[2026-04-07T16:14:32.231Z]
{
  "action": "webhook_post_start",
  "url": "https://localhost/bebots/webhook/wapi",
  "instance": "5363511379",
  "type": "CONNECTION_UPDATE",
  "data": {
    "dataType": "object",
    "isArray": false,
    "keys": [
      "isOnline"
    ]
  }
}
----
[2026-04-07T16:14:32.231Z]
{
  "action": "webhook_post_start",
  "url": "https://localhost/bebots/webhook/wapi",
  "instance": "5363511379",
  "type": "CONNECTION_UPDATE",
  "data": {
    "dataType": "object",
    "isArray": false,
    "keys": [
      "connection"
    ]
  }
}
----
[2026-04-07T16:14:32.304Z]
{
  "action": "webhook_post_result",
  "url": "https://localhost/bebots/webhook/wapi",
  "instance": "5363511379",
  "type": "CONNECTION_UPDATE",
  "status": 200,
  "response": ""
}
----
[2026-04-07T16:14:32.304Z]
{
  "action": "webhook_post_result",
  "url": "https://localhost/bebots/webhook/wapi",
  "instance": "5363511379",
  "type": "CONNECTION_UPDATE",
  "status": 200,
  "response": ""
}
----
[2026-04-07T16:14:32.365Z]
{
  "action": "webhook_post_start",
  "url": "https://localhost/bebots/webhook/wapi",
  "instance": "5363511379",
  "type": "CONNECTION_UPDATE",
  "data": {
    "dataType": "object",
    "isArray": false,
    "keys": [
      "receivedPendingNotifications"
    ]
  }
}
----
[2026-04-07T16:14:32.424Z]
{
  "action": "webhook_post_result",
  "url": "https://localhost/bebots/webhook/wapi",
  "instance": "5363511379",
  "type": "CONNECTION_UPDATE",
  "status": 200,
  "response": ""
}
----
[2026-04-07T16:14:36.267Z]
{
  "action": "webhook_post_start",
  "url": "https://localhost/bebots/webhook/wapi",
  "instance": "5363511379",
  "type": "CONNECTION_UPDATE",
  "data": {
    "dataType": "object",
    "isArray": false,
    "keys": [
      "connection",
      "receivedPendingNotifications",
      "qr"
    ]
  }
}
----
[2026-04-07T16:14:36.335Z]
{
  "action": "webhook_post_result",
  "url": "https://localhost/bebots/webhook/wapi",
  "instance": "5363511379",
  "type": "CONNECTION_UPDATE",
  "status": 200,
  "response": ""
}
----
[2026-04-07T16:14:38.110Z]
{
  "action": "webhook_post_start",
  "url": "https://localhost/bebots/webhook/wapi",
  "instance": "5363511379",
  "type": "CONNECTION_UPDATE",
  "data": {
    "dataType": "object",
    "isArray": false,
    "keys": [
      "connection",
      "lastDisconnect"
    ]
  }
}
----
[2026-04-07T16:14:38.179Z]
{
  "action": "webhook_post_result",
  "url": "https://localhost/bebots/webhook/wapi",
  "instance": "5363511379",
  "type": "CONNECTION_UPDATE",
  "status": 200,
  "response": ""
}
----
[2026-04-07T16:14:39.984Z]
{
  "action": "webhook_post_start",
  "url": "https://localhost/bebots/webhook/wapi",
  "instance": "5363511379",
  "type": "CONNECTION_UPDATE",
  "data": {
    "dataType": "object",
    "isArray": false,
    "keys": [
      "connection"
    ]
  }
}
----
[2026-04-07T16:14:39.984Z]
{
  "action": "webhook_post_start",
  "url": "https://localhost/bebots/webhook/wapi",
  "instance": "5363511379",
  "type": "CONNECTION_UPDATE",
  "data": {
    "dataType": "object",
    "isArray": false,
    "keys": [
      "isOnline"
    ]
  }
}
----
[2026-04-07T16:14:40.038Z]
{
  "action": "webhook_post_result",
  "url": "https://localhost/bebots/webhook/wapi",
  "instance": "5363511379",
  "type": "CONNECTION_UPDATE",
  "status": 200,
  "response": ""
}
----
[2026-04-07T16:14:40.040Z]
{
  "action": "webhook_post_result",
  "url": "https://localhost/bebots/webhook/wapi",
  "instance": "5363511379",
  "type": "CONNECTION_UPDATE",
  "status": 200,
  "response": ""
}
----
[2026-04-07T16:14:40.126Z]
{
  "action": "webhook_post_start",
  "url": "https://localhost/bebots/webhook/wapi",
  "instance": "5363511379",
  "type": "CONNECTION_UPDATE",
  "data": {
    "dataType": "object",
    "isArray": false,
    "keys": [
      "receivedPendingNotifications"
    ]
  }
}
----
[2026-04-07T16:14:40.179Z]
{
  "action": "webhook_post_result",
  "url": "https://localhost/bebots/webhook/wapi",
  "instance": "5363511379",
  "type": "CONNECTION_UPDATE",
  "status": 200,
  "response": ""
}
----
[2026-04-07T16:14:44.258Z]
{
  "action": "webhook_post_start",
  "url": "https://localhost/bebots/webhook/wapi",
  "instance": "5363511379",
  "type": "CONNECTION_UPDATE",
  "data": {
    "dataType": "object",
    "isArray": false,
    "keys": [
      "connection",
      "receivedPendingNotifications",
      "qr"
    ]
  }
}
----
[2026-04-07T16:14:44.313Z]
{
  "action": "webhook_post_result",
  "url": "https://localhost/bebots/webhook/wapi",
  "instance": "5363511379",
  "type": "CONNECTION_UPDATE",
  "status": 200,
  "response": ""
}
----
[2026-04-07T16:14:46.161Z]
{
  "action": "webhook_post_start",
  "url": "https://localhost/bebots/webhook/wapi",
  "instance": "5363511379",
  "type": "CONNECTION_UPDATE",
  "data": {
    "dataType": "object",
    "isArray": false,
    "keys": [
      "connection",
      "lastDisconnect"
    ]
  }
}
----
[2026-04-07T16:14:46.215Z]
{
  "action": "webhook_post_result",
  "url": "https://localhost/bebots/webhook/wapi",
  "instance": "5363511379",
  "type": "CONNECTION_UPDATE",
  "status": 200,
  "response": ""
}
----
[2026-04-07T16:14:46.985Z]
{
  "action": "webhook_post_start",
  "url": "https://localhost/bebots/webhook/wapi",
  "instance": "5363511379",
  "type": "CONNECTION_UPDATE",
  "data": {
    "dataType": "object",
    "isArray": false,
    "keys": [
      "isOnline"
    ]
  }
}
----
[2026-04-07T16:14:46.986Z]
{
  "action": "webhook_post_start",
  "url": "https://localhost/bebots/webhook/wapi",
  "instance": "5363511379",
  "type": "CONNECTION_UPDATE",
  "data": {
    "dataType": "object",
    "isArray": false,
    "keys": [
      "receivedPendingNotifications"
    ]
  }
}
----
[2026-04-07T16:14:46.985Z]
{
  "action": "webhook_post_start",
  "url": "https://localhost/bebots/webhook/wapi",
  "instance": "5363511379",
  "type": "CONNECTION_UPDATE",
  "data": {
    "dataType": "object",
    "isArray": false,
    "keys": [
      "connection"
    ]
  }
}
----
[2026-04-07T16:14:47.042Z]
{
  "action": "webhook_post_result",
  "url": "https://localhost/bebots/webhook/wapi",
  "instance": "5363511379",
  "type": "CONNECTION_UPDATE",
  "status": 200,
  "response": ""
}
----
[2026-04-07T16:14:47.057Z]
{
  "action": "webhook_post_result",
  "url": "https://localhost/bebots/webhook/wapi",
  "instance": "5363511379",
  "type": "CONNECTION_UPDATE",
  "status": 200,
  "response": ""
}
----
[2026-04-07T16:14:47.058Z]
{
  "action": "webhook_post_result",
  "url": "https://localhost/bebots/webhook/wapi",
  "instance": "5363511379",
  "type": "CONNECTION_UPDATE",
  "status": 200,
  "response": ""
}
----
[2026-04-07T16:14:52.039Z]
{
  "action": "webhook_post_start",
  "url": "https://localhost/bebots/webhook/wapi",
  "instance": "5363511379",
  "type": "CONNECTION_UPDATE",
  "data": {
    "dataType": "object",
    "isArray": false,
    "keys": [
      "connection",
      "receivedPendingNotifications",
      "qr"
    ]
  }
}
----
[2026-04-07T16:14:52.091Z]
{
  "action": "webhook_post_result",
  "url": "https://localhost/bebots/webhook/wapi",
  "instance": "5363511379",
  "type": "CONNECTION_UPDATE",
  "status": 200,
  "response": ""
}
----
[2026-04-07T16:14:54.491Z]
{
  "action": "webhook_post_start",
  "url": "https://localhost/bebots/webhook/wapi",
  "instance": "5363511379",
  "type": "CONNECTION_UPDATE",
  "data": {
    "dataType": "object",
    "isArray": false,
    "keys": [
      "connection",
      "lastDisconnect"
    ]
  }
}
----
[2026-04-07T16:14:54.546Z]
{
  "action": "webhook_post_result",
  "url": "https://localhost/bebots/webhook/wapi",
  "instance": "5363511379",
  "type": "CONNECTION_UPDATE",
  "status": 200,
  "response": ""
}
----
[2026-04-07T16:14:56.705Z]
{
  "action": "webhook_post_start",
  "url": "https://localhost/bebots/webhook/wapi",
  "instance": "5363511379",
  "type": "CONNECTION_UPDATE",
  "data": {
    "dataType": "object",
    "isArray": false,
    "keys": [
      "isOnline"
    ]
  }
}
----
[2026-04-07T16:14:56.705Z]
{
  "action": "webhook_post_start",
  "url": "https://localhost/bebots/webhook/wapi",
  "instance": "5363511379",
  "type": "CONNECTION_UPDATE",
  "data": {
    "dataType": "object",
    "isArray": false,
    "keys": [
      "connection"
    ]
  }
}
----
[2026-04-07T16:14:56.754Z]
{
  "action": "webhook_post_result",
  "url": "https://localhost/bebots/webhook/wapi",
  "instance": "5363511379",
  "type": "CONNECTION_UPDATE",
  "status": 200,
  "response": ""
}
----
[2026-04-07T16:14:56.767Z]
{
  "action": "webhook_post_result",
  "url": "https://localhost/bebots/webhook/wapi",
  "instance": "5363511379",
  "type": "CONNECTION_UPDATE",
  "status": 200,
  "response": ""
}
----
[2026-04-07T16:14:56.792Z]
{
  "action": "webhook_post_start",
  "url": "https://localhost/bebots/webhook/wapi",
  "instance": "5363511379",
  "type": "CONNECTION_UPDATE",
  "data": {
    "dataType": "object",
    "isArray": false,
    "keys": [
      "receivedPendingNotifications"
    ]
  }
}
----
[2026-04-07T16:14:56.845Z]
{
  "action": "webhook_post_result",
  "url": "https://localhost/bebots/webhook/wapi",
  "instance": "5363511379",
  "type": "CONNECTION_UPDATE",
  "status": 200,
  "response": ""
}
----
[2026-04-07T16:15:00.356Z]
{
  "action": "webhook_post_start",
  "url": "https://localhost/bebots/webhook/wapi",
  "instance": "5363511379",
  "type": "CONNECTION_UPDATE",
  "data": {
    "dataType": "object",
    "isArray": false,
    "keys": [
      "connection",
      "receivedPendingNotifications",
      "qr"
    ]
  }
}
----
[2026-04-07T16:15:00.394Z]
{
  "action": "webhook_post_result",
  "url": "https://localhost/bebots/webhook/wapi",
  "instance": "5363511379",
  "type": "CONNECTION_UPDATE",
  "status": 200,
  "response": ""
}
----
[2026-04-07T16:15:02.253Z]
{
  "action": "webhook_post_start",
  "url": "https://localhost/bebots/webhook/wapi",
  "instance": "5363511379",
  "type": "CONNECTION_UPDATE",
  "data": {
    "dataType": "object",
    "isArray": false,
    "keys": [
      "connection",
      "lastDisconnect"
    ]
  }
}
----
[2026-04-07T16:15:02.292Z]
{
  "action": "webhook_post_result",
  "url": "https://localhost/bebots/webhook/wapi",
  "instance": "5363511379",
  "type": "CONNECTION_UPDATE",
  "status": 200,
  "response": ""
}
----
[2026-04-07T16:15:04.078Z]
{
  "action": "webhook_post_start",
  "url": "https://localhost/bebots/webhook/wapi",
  "instance": "5363511379",
  "type": "CONNECTION_UPDATE",
  "data": {
    "dataType": "object",
    "isArray": false,
    "keys": [
      "isOnline"
    ]
  }
}
----
[2026-04-07T16:15:04.078Z]
{
  "action": "webhook_post_start",
  "url": "https://localhost/bebots/webhook/wapi",
  "instance": "5363511379",
  "type": "CONNECTION_UPDATE",
  "data": {
    "dataType": "object",
    "isArray": false,
    "keys": [
      "connection"
    ]
  }
}
----
[2026-04-07T16:15:04.126Z]
{
  "action": "webhook_post_result",
  "url": "https://localhost/bebots/webhook/wapi",
  "instance": "5363511379",
  "type": "CONNECTION_UPDATE",
  "status": 200,
  "response": ""
}
----
[2026-04-07T16:15:04.139Z]
{
  "action": "webhook_post_result",
  "url": "https://localhost/bebots/webhook/wapi",
  "instance": "5363511379",
  "type": "CONNECTION_UPDATE",
  "status": 200,
  "response": ""
}
----
[2026-04-07T16:15:04.231Z]
{
  "action": "webhook_post_start",
  "url": "https://localhost/bebots/webhook/wapi",
  "instance": "5363511379",
  "type": "CONNECTION_UPDATE",
  "data": {
    "dataType": "object",
    "isArray": false,
    "keys": [
      "receivedPendingNotifications"
    ]
  }
}
----
[2026-04-07T16:15:04.285Z]
{
  "action": "webhook_post_result",
  "url": "https://localhost/bebots/webhook/wapi",
  "instance": "5363511379",
  "type": "CONNECTION_UPDATE",
  "status": 200,
  "response": ""
}
----
[2026-04-07T16:15:09.028Z]
{
  "action": "webhook_post_start",
  "url": "https://localhost/bebots/webhook/wapi",
  "instance": "5363511379",
  "type": "CONNECTION_UPDATE",
  "data": {
    "dataType": "object",
    "isArray": false,
    "keys": [
      "connection",
      "receivedPendingNotifications",
      "qr"
    ]
  }
}
----
[2026-04-07T16:15:09.093Z]
{
  "action": "webhook_post_result",
  "url": "https://localhost/bebots/webhook/wapi",
  "instance": "5363511379",
  "type": "CONNECTION_UPDATE",
  "status": 200,
  "response": ""
}
----
[2026-04-07T16:15:10.682Z]
{
  "action": "webhook_post_start",
  "url": "https://localhost/bebots/webhook/wapi",
  "instance": "5363511379",
  "type": "CONNECTION_UPDATE",
  "data": {
    "dataType": "object",
    "isArray": false,
    "keys": [
      "connection",
      "lastDisconnect"
    ]
  }
}
----
[2026-04-07T16:15:10.747Z]
{
  "action": "webhook_post_result",
  "url": "https://localhost/bebots/webhook/wapi",
  "instance": "5363511379",
  "type": "CONNECTION_UPDATE",
  "status": 200,
  "response": ""
}
----
[2026-04-07T16:15:11.685Z]
{
  "action": "webhook_post_start",
  "url": "https://localhost/bebots/webhook/wapi",
  "instance": "5363511379",
  "type": "CONNECTION_UPDATE",
  "data": {
    "dataType": "object",
    "isArray": false,
    "keys": [
      "connection"
    ]
  }
}
----
[2026-04-07T16:15:11.685Z]
{
  "action": "webhook_post_start",
  "url": "https://localhost/bebots/webhook/wapi",
  "instance": "5363511379",
  "type": "CONNECTION_UPDATE",
  "data": {
    "dataType": "object",
    "isArray": false,
    "keys": [
      "receivedPendingNotifications"
    ]
  }
}
----
[2026-04-07T16:15:11.685Z]
{
  "action": "webhook_post_start",
  "url": "https://localhost/bebots/webhook/wapi",
  "instance": "5363511379",
  "type": "CONNECTION_UPDATE",
  "data": {
    "dataType": "object",
    "isArray": false,
    "keys": [
      "isOnline"
    ]
  }
}
----
[2026-04-07T16:15:11.735Z]
{
  "action": "webhook_post_result",
  "url": "https://localhost/bebots/webhook/wapi",
  "instance": "5363511379",
  "type": "CONNECTION_UPDATE",
  "status": 200,
  "response": ""
}
----
[2026-04-07T16:15:11.752Z]
{
  "action": "webhook_post_result",
  "url": "https://localhost/bebots/webhook/wapi",
  "instance": "5363511379",
  "type": "CONNECTION_UPDATE",
  "status": 200,
  "response": ""
}
----
[2026-04-07T16:15:11.754Z]
{
  "action": "webhook_post_result",
  "url": "https://localhost/bebots/webhook/wapi",
  "instance": "5363511379",
  "type": "CONNECTION_UPDATE",
  "status": 200,
  "response": ""
}
----
[2026-04-07T16:15:18.050Z]
{
  "action": "webhook_post_start",
  "url": "https://localhost/bebots/webhook/wapi",
  "instance": "5363511379",
  "type": "CONNECTION_UPDATE",
  "data": {
    "dataType": "object",
    "isArray": false,
    "keys": [
      "connection",
      "receivedPendingNotifications",
      "qr"
    ]
  }
}
----
[2026-04-07T16:15:18.117Z]
{
  "action": "webhook_post_result",
  "url": "https://localhost/bebots/webhook/wapi",
  "instance": "5363511379",
  "type": "CONNECTION_UPDATE",
  "status": 200,
  "response": ""
}
----
[2026-04-07T16:15:19.909Z]
{
  "action": "webhook_post_start",
  "url": "https://localhost/bebots/webhook/wapi",
  "instance": "5363511379",
  "type": "CONNECTION_UPDATE",
  "data": {
    "dataType": "object",
    "isArray": false,
    "keys": [
      "connection",
      "lastDisconnect"
    ]
  }
}
----
[2026-04-07T16:15:19.969Z]
{
  "action": "webhook_post_result",
  "url": "https://localhost/bebots/webhook/wapi",
  "instance": "5363511379",
  "type": "CONNECTION_UPDATE",
  "status": 200,
  "response": ""
}
----
[2026-04-07T16:15:21.646Z]
{
  "action": "webhook_post_start",
  "url": "https://localhost/bebots/webhook/wapi",
  "instance": "5363511379",
  "type": "CONNECTION_UPDATE",
  "data": {
    "dataType": "object",
    "isArray": false,
    "keys": [
      "connection"
    ]
  }
}
----
[2026-04-07T16:15:21.646Z]
{
  "action": "webhook_post_start",
  "url": "https://localhost/bebots/webhook/wapi",
  "instance": "5363511379",
  "type": "CONNECTION_UPDATE",
  "data": {
    "dataType": "object",
    "isArray": false,
    "keys": [
      "isOnline"
    ]
  }
}
----
[2026-04-07T16:15:21.710Z]
{
  "action": "webhook_post_result",
  "url": "https://localhost/bebots/webhook/wapi",
  "instance": "5363511379",
  "type": "CONNECTION_UPDATE",
  "status": 200,
  "response": ""
}
----
[2026-04-07T16:15:21.710Z]
{
  "action": "webhook_post_result",
  "url": "https://localhost/bebots/webhook/wapi",
  "instance": "5363511379",
  "type": "CONNECTION_UPDATE",
  "status": 200,
  "response": ""
}
----
[2026-04-07T16:15:22.179Z]
{
  "action": "webhook_post_start",
  "url": "https://localhost/bebots/webhook/wapi",
  "instance": "5363511379",
  "type": "CONNECTION_UPDATE",
  "data": {
    "dataType": "object",
    "isArray": false,
    "keys": [
      "receivedPendingNotifications"
    ]
  }
}
----
[2026-04-07T16:15:22.221Z]
{
  "action": "webhook_post_result",
  "url": "https://localhost/bebots/webhook/wapi",
  "instance": "5363511379",
  "type": "CONNECTION_UPDATE",
  "status": 200,
  "response": ""
}
----
[2026-04-07T16:15:25.955Z]
{
  "action": "webhook_post_start",
  "url": "https://localhost/bebots/webhook/wapi",
  "instance": "5363511379",
  "type": "CONNECTION_UPDATE",
  "data": {
    "dataType": "object",
    "isArray": false,
    "keys": [
      "connection",
      "receivedPendingNotifications",
      "qr"
    ]
  }
}
----
[2026-04-07T16:15:26.008Z]
{
  "action": "webhook_post_result",
  "url": "https://localhost/bebots/webhook/wapi",
  "instance": "5363511379",
  "type": "CONNECTION_UPDATE",
  "status": 200,
  "response": ""
}
----
[2026-04-07T16:15:27.763Z]
{
  "action": "webhook_post_start",
  "url": "https://localhost/bebots/webhook/wapi",
  "instance": "5363511379",
  "type": "CONNECTION_UPDATE",
  "data": {
    "dataType": "object",
    "isArray": false,
    "keys": [
      "connection",
      "lastDisconnect"
    ]
  }
}
----
[2026-04-07T16:15:27.815Z]
{
  "action": "webhook_post_result",
  "url": "https://localhost/bebots/webhook/wapi",
  "instance": "5363511379",
  "type": "CONNECTION_UPDATE",
  "status": 200,
  "response": ""
}
----
[2026-04-07T16:15:29.765Z]
{
  "action": "webhook_post_start",
  "url": "https://localhost/bebots/webhook/wapi",
  "instance": "5363511379",
  "type": "CONNECTION_UPDATE",
  "data": {
    "dataType": "object",
    "isArray": false,
    "keys": [
      "connection"
    ]
  }
}
----
[2026-04-07T16:15:29.765Z]
{
  "action": "webhook_post_start",
  "url": "https://localhost/bebots/webhook/wapi",
  "instance": "5363511379",
  "type": "CONNECTION_UPDATE",
  "data": {
    "dataType": "object",
    "isArray": false,
    "keys": [
      "isOnline"
    ]
  }
}
----
[2026-04-07T16:15:29.824Z]
{
  "action": "webhook_post_result",
  "url": "https://localhost/bebots/webhook/wapi",
  "instance": "5363511379",
  "type": "CONNECTION_UPDATE",
  "status": 200,
  "response": ""
}
----
[2026-04-07T16:15:29.824Z]
{
  "action": "webhook_post_result",
  "url": "https://localhost/bebots/webhook/wapi",
  "instance": "5363511379",
  "type": "CONNECTION_UPDATE",
  "status": 200,
  "response": ""
}
----
[2026-04-07T16:15:29.901Z]
{
  "action": "webhook_post_start",
  "url": "https://localhost/bebots/webhook/wapi",
  "instance": "5363511379",
  "type": "CONNECTION_UPDATE",
  "data": {
    "dataType": "object",
    "isArray": false,
    "keys": [
      "receivedPendingNotifications"
    ]
  }
}
----
[2026-04-07T16:15:29.950Z]
{
  "action": "webhook_post_result",
  "url": "https://localhost/bebots/webhook/wapi",
  "instance": "5363511379",
  "type": "CONNECTION_UPDATE",
  "status": 200,
  "response": ""
}
----
[2026-04-07T16:15:33.915Z]
{
  "action": "webhook_post_start",
  "url": "https://localhost/bebots/webhook/wapi",
  "instance": "5363511379",
  "type": "CONNECTION_UPDATE",
  "data": {
    "dataType": "object",
    "isArray": false,
    "keys": [
      "connection",
      "receivedPendingNotifications",
      "qr"
    ]
  }
}
----
[2026-04-07T16:15:33.965Z]
{
  "action": "webhook_post_result",
  "url": "https://localhost/bebots/webhook/wapi",
  "instance": "5363511379",
  "type": "CONNECTION_UPDATE",
  "status": 200,
  "response": ""
}
----
[2026-04-07T16:15:35.937Z]
{
  "action": "webhook_post_start",
  "url": "https://localhost/bebots/webhook/wapi",
  "instance": "5363511379",
  "type": "CONNECTION_UPDATE",
  "data": {
    "dataType": "object",
    "isArray": false,
    "keys": [
      "connection",
      "lastDisconnect"
    ]
  }
}
----
[2026-04-07T16:15:35.999Z]
{
  "action": "webhook_post_result",
  "url": "https://localhost/bebots/webhook/wapi",
  "instance": "5363511379",
  "type": "CONNECTION_UPDATE",
  "status": 200,
  "response": ""
}
----
[2026-04-07T16:15:37.082Z]
{
  "action": "webhook_post_start",
  "url": "https://localhost/bebots/webhook/wapi",
  "instance": "5363511379",
  "type": "CONNECTION_UPDATE",
  "data": {
    "dataType": "object",
    "isArray": false,
    "keys": [
      "receivedPendingNotifications"
    ]
  }
}
----
[2026-04-07T16:15:37.082Z]
{
  "action": "webhook_post_start",
  "url": "https://localhost/bebots/webhook/wapi",
  "instance": "5363511379",
  "type": "CONNECTION_UPDATE",
  "data": {
    "dataType": "object",
    "isArray": false,
    "keys": [
      "isOnline"
    ]
  }
}
----
[2026-04-07T16:15:37.082Z]
{
  "action": "webhook_post_start",
  "url": "https://localhost/bebots/webhook/wapi",
  "instance": "5363511379",
  "type": "CONNECTION_UPDATE",
  "data": {
    "dataType": "object",
    "isArray": false,
    "keys": [
      "connection"
    ]
  }
}
----
[2026-04-07T16:15:37.129Z]
{
  "action": "webhook_post_result",
  "url": "https://localhost/bebots/webhook/wapi",
  "instance": "5363511379",
  "type": "CONNECTION_UPDATE",
  "status": 200,
  "response": ""
}
----
[2026-04-07T16:15:37.136Z]
{
  "action": "webhook_post_result",
  "url": "https://localhost/bebots/webhook/wapi",
  "instance": "5363511379",
  "type": "CONNECTION_UPDATE",
  "status": 200,
  "response": ""
}
----
[2026-04-07T16:15:37.152Z]
{
  "action": "webhook_post_result",
  "url": "https://localhost/bebots/webhook/wapi",
  "instance": "5363511379",
  "type": "CONNECTION_UPDATE",
  "status": 200,
  "response": ""
}
----
[2026-04-07T16:15:41.931Z]
{
  "action": "webhook_post_start",
  "url": "https://localhost/bebots/webhook/wapi",
  "instance": "5363511379",
  "type": "CONNECTION_UPDATE",
  "data": {
    "dataType": "object",
    "isArray": false,
    "keys": [
      "connection",
      "receivedPendingNotifications",
      "qr"
    ]
  }
}
----
[2026-04-07T16:15:41.981Z]
{
  "action": "webhook_post_result",
  "url": "https://localhost/bebots/webhook/wapi",
  "instance": "5363511379",
  "type": "CONNECTION_UPDATE",
  "status": 200,
  "response": ""
}
----
[2026-04-07T16:15:43.865Z]
{
  "action": "webhook_post_start",
  "url": "https://localhost/bebots/webhook/wapi",
  "instance": "5363511379",
  "type": "CONNECTION_UPDATE",
  "data": {
    "dataType": "object",
    "isArray": false,
    "keys": [
      "connection",
      "lastDisconnect"
    ]
  }
}
----
[2026-04-07T16:15:43.927Z]
{
  "action": "webhook_post_result",
  "url": "https://localhost/bebots/webhook/wapi",
  "instance": "5363511379",
  "type": "CONNECTION_UPDATE",
  "status": 200,
  "response": ""
}
----
[2026-04-07T16:15:44.627Z]
{
  "action": "webhook_post_start",
  "url": "https://localhost/bebots/webhook/wapi",
  "instance": "5363511379",
  "type": "CONNECTION_UPDATE",
  "data": {
    "dataType": "object",
    "isArray": false,
    "keys": [
      "isOnline"
    ]
  }
}
----
[2026-04-07T16:15:44.627Z]
{
  "action": "webhook_post_start",
  "url": "https://localhost/bebots/webhook/wapi",
  "instance": "5363511379",
  "type": "CONNECTION_UPDATE",
  "data": {
    "dataType": "object",
    "isArray": false,
    "keys": [
      "connection"
    ]
  }
}
----
[2026-04-07T16:15:44.676Z]
{
  "action": "webhook_post_result",
  "url": "https://localhost/bebots/webhook/wapi",
  "instance": "5363511379",
  "type": "CONNECTION_UPDATE",
  "status": 200,
  "response": ""
}
----
[2026-04-07T16:15:44.697Z]
{
  "action": "webhook_post_result",
  "url": "https://localhost/bebots/webhook/wapi",
  "instance": "5363511379",
  "type": "CONNECTION_UPDATE",
  "status": 200,
  "response": ""
}
----
[2026-04-07T16:15:44.774Z]
{
  "action": "webhook_post_start",
  "url": "https://localhost/bebots/webhook/wapi",
  "instance": "5363511379",
  "type": "CONNECTION_UPDATE",
  "data": {
    "dataType": "object",
    "isArray": false,
    "keys": [
      "receivedPendingNotifications"
    ]
  }
}
----
[2026-04-07T16:15:44.843Z]
{
  "action": "webhook_post_result",
  "url": "https://localhost/bebots/webhook/wapi",
  "instance": "5363511379",
  "type": "CONNECTION_UPDATE",
  "status": 200,
  "response": ""
}
----
[2026-04-07T16:15:50.115Z]
{
  "action": "webhook_post_start",
  "url": "https://localhost/bebots/webhook/wapi",
  "instance": "5363511379",
  "type": "CONNECTION_UPDATE",
  "data": {
    "dataType": "object",
    "isArray": false,
    "keys": [
      "connection",
      "receivedPendingNotifications",
      "qr"
    ]
  }
}
----
[2026-04-07T16:15:50.175Z]
{
  "action": "webhook_post_result",
  "url": "https://localhost/bebots/webhook/wapi",
  "instance": "5363511379",
  "type": "CONNECTION_UPDATE",
  "status": 200,
  "response": ""
}
----
[2026-04-07T16:15:52.312Z]
{
  "action": "webhook_post_start",
  "url": "https://localhost/bebots/webhook/wapi",
  "instance": "5363511379",
  "type": "CONNECTION_UPDATE",
  "data": {
    "dataType": "object",
    "isArray": false,
    "keys": [
      "connection",
      "lastDisconnect"
    ]
  }
}
----
[2026-04-07T16:15:52.368Z]
{
  "action": "webhook_post_result",
  "url": "https://localhost/bebots/webhook/wapi",
  "instance": "5363511379",
  "type": "CONNECTION_UPDATE",
  "status": 200,
  "response": ""
}
----
[2026-04-07T16:15:53.383Z]
{
  "action": "webhook_post_start",
  "url": "https://localhost/bebots/webhook/wapi",
  "instance": "5363511379",
  "type": "CONNECTION_UPDATE",
  "data": {
    "dataType": "object",
    "isArray": false,
    "keys": [
      "isOnline"
    ]
  }
}
----
[2026-04-07T16:15:53.384Z]
{
  "action": "webhook_post_start",
  "url": "https://localhost/bebots/webhook/wapi",
  "instance": "5363511379",
  "type": "CONNECTION_UPDATE",
  "data": {
    "dataType": "object",
    "isArray": false,
    "keys": [
      "connection"
    ]
  }
}
----
[2026-04-07T16:15:53.384Z]
{
  "action": "webhook_post_start",
  "url": "https://localhost/bebots/webhook/wapi",
  "instance": "5363511379",
  "type": "CONNECTION_UPDATE",
  "data": {
    "dataType": "object",
    "isArray": false,
    "keys": [
      "receivedPendingNotifications"
    ]
  }
}
----
[2026-04-07T16:15:53.438Z]
{
  "action": "webhook_post_result",
  "url": "https://localhost/bebots/webhook/wapi",
  "instance": "5363511379",
  "type": "CONNECTION_UPDATE",
  "status": 200,
  "response": ""
}
----
[2026-04-07T16:15:53.438Z]
{
  "action": "webhook_post_result",
  "url": "https://localhost/bebots/webhook/wapi",
  "instance": "5363511379",
  "type": "CONNECTION_UPDATE",
  "status": 200,
  "response": ""
}
----
[2026-04-07T16:15:53.441Z]
{
  "action": "webhook_post_result",
  "url": "https://localhost/bebots/webhook/wapi",
  "instance": "5363511379",
  "type": "CONNECTION_UPDATE",
  "status": 200,
  "response": ""
}
----
[2026-04-07T16:15:58.335Z]
{
  "action": "webhook_post_start",
  "url": "https://localhost/bebots/webhook/wapi",
  "instance": "5363511379",
  "type": "CONNECTION_UPDATE",
  "data": {
    "dataType": "object",
    "isArray": false,
    "keys": [
      "connection",
      "receivedPendingNotifications",
      "qr"
    ]
  }
}
----
[2026-04-07T16:15:58.391Z]
{
  "action": "webhook_post_result",
  "url": "https://localhost/bebots/webhook/wapi",
  "instance": "5363511379",
  "type": "CONNECTION_UPDATE",
  "status": 200,
  "response": ""
}
----
[2026-04-07T16:16:00.376Z]
{
  "action": "webhook_post_start",
  "url": "https://localhost/bebots/webhook/wapi",
  "instance": "5363511379",
  "type": "CONNECTION_UPDATE",
  "data": {
    "dataType": "object",
    "isArray": false,
    "keys": [
      "connection",
      "lastDisconnect"
    ]
  }
}
----
[2026-04-07T16:16:00.437Z]
{
  "action": "webhook_post_result",
  "url": "https://localhost/bebots/webhook/wapi",
  "instance": "5363511379",
  "type": "CONNECTION_UPDATE",
  "status": 200,
  "response": ""
}
----
[2026-04-07T16:16:02.044Z]
{
  "action": "webhook_post_start",
  "url": "https://localhost/bebots/webhook/wapi",
  "instance": "5363511379",
  "type": "CONNECTION_UPDATE",
  "data": {
    "dataType": "object",
    "isArray": false,
    "keys": [
      "isOnline"
    ]
  }
}
----
[2026-04-07T16:16:02.044Z]
{
  "action": "webhook_post_start",
  "url": "https://localhost/bebots/webhook/wapi",
  "instance": "5363511379",
  "type": "CONNECTION_UPDATE",
  "data": {
    "dataType": "object",
    "isArray": false,
    "keys": [
      "connection"
    ]
  }
}
----
[2026-04-07T16:16:02.086Z]
{
  "action": "webhook_post_result",
  "url": "https://localhost/bebots/webhook/wapi",
  "instance": "5363511379",
  "type": "CONNECTION_UPDATE",
  "status": 200,
  "response": ""
}
----
[2026-04-07T16:16:02.088Z]
{
  "action": "webhook_post_result",
  "url": "https://localhost/bebots/webhook/wapi",
  "instance": "5363511379",
  "type": "CONNECTION_UPDATE",
  "status": 200,
  "response": ""
}
----
[2026-04-07T16:16:02.174Z]
{
  "action": "webhook_post_start",
  "url": "https://localhost/bebots/webhook/wapi",
  "instance": "5363511379",
  "type": "CONNECTION_UPDATE",
  "data": {
    "dataType": "object",
    "isArray": false,
    "keys": [
      "receivedPendingNotifications"
    ]
  }
}
----
[2026-04-07T16:16:02.232Z]
{
  "action": "webhook_post_result",
  "url": "https://localhost/bebots/webhook/wapi",
  "instance": "5363511379",
  "type": "CONNECTION_UPDATE",
  "status": 200,
  "response": ""
}
----
[2026-04-07T16:16:06.442Z]
{
  "action": "webhook_post_start",
  "url": "https://localhost/bebots/webhook/wapi",
  "instance": "5363511379",
  "type": "CONNECTION_UPDATE",
  "data": {
    "dataType": "object",
    "isArray": false,
    "keys": [
      "connection",
      "receivedPendingNotifications",
      "qr"
    ]
  }
}
----
[2026-04-07T16:16:06.497Z]
{
  "action": "webhook_post_result",
  "url": "https://localhost/bebots/webhook/wapi",
  "instance": "5363511379",
  "type": "CONNECTION_UPDATE",
  "status": 200,
  "response": ""
}
----
[2026-04-07T16:16:08.448Z]
{
  "action": "webhook_post_start",
  "url": "https://localhost/bebots/webhook/wapi",
  "instance": "5363511379",
  "type": "CONNECTION_UPDATE",
  "data": {
    "dataType": "object",
    "isArray": false,
    "keys": [
      "connection",
      "lastDisconnect"
    ]
  }
}
----
[2026-04-07T16:16:08.505Z]
{
  "action": "webhook_post_result",
  "url": "https://localhost/bebots/webhook/wapi",
  "instance": "5363511379",
  "type": "CONNECTION_UPDATE",
  "status": 200,
  "response": ""
}
----
[2026-04-07T16:16:09.205Z]
{
  "action": "webhook_post_start",
  "url": "https://localhost/bebots/webhook/wapi",
  "instance": "5363511379",
  "type": "CONNECTION_UPDATE",
  "data": {
    "dataType": "object",
    "isArray": false,
    "keys": [
      "isOnline"
    ]
  }
}
----
[2026-04-07T16:16:09.205Z]
{
  "action": "webhook_post_start",
  "url": "https://localhost/bebots/webhook/wapi",
  "instance": "5363511379",
  "type": "CONNECTION_UPDATE",
  "data": {
    "dataType": "object",
    "isArray": false,
    "keys": [
      "connection"
    ]
  }
}
----
[2026-04-07T16:16:09.205Z]
{
  "action": "webhook_post_start",
  "url": "https://localhost/bebots/webhook/wapi",
  "instance": "5363511379",
  "type": "CONNECTION_UPDATE",
  "data": {
    "dataType": "object",
    "isArray": false,
    "keys": [
      "receivedPendingNotifications"
    ]
  }
}
----
[2026-04-07T16:16:09.266Z]
{
  "action": "webhook_post_result",
  "url": "https://localhost/bebots/webhook/wapi",
  "instance": "5363511379",
  "type": "CONNECTION_UPDATE",
  "status": 200,
  "response": ""
}
----
[2026-04-07T16:16:09.284Z]
{
  "action": "webhook_post_result",
  "url": "https://localhost/bebots/webhook/wapi",
  "instance": "5363511379",
  "type": "CONNECTION_UPDATE",
  "status": 200,
  "response": ""
}
----
[2026-04-07T16:16:09.285Z]
{
  "action": "webhook_post_result",
  "url": "https://localhost/bebots/webhook/wapi",
  "instance": "5363511379",
  "type": "CONNECTION_UPDATE",
  "status": 200,
  "response": ""
}
----
[2026-04-07T16:16:15.148Z]
{
  "action": "webhook_post_start",
  "url": "https://localhost/bebots/webhook/wapi",
  "instance": "5363511379",
  "type": "CONNECTION_UPDATE",
  "data": {
    "dataType": "object",
    "isArray": false,
    "keys": [
      "connection",
      "receivedPendingNotifications",
      "qr"
    ]
  }
}
----
[2026-04-07T16:16:15.207Z]
{
  "action": "webhook_post_result",
  "url": "https://localhost/bebots/webhook/wapi",
  "instance": "5363511379",
  "type": "CONNECTION_UPDATE",
  "status": 200,
  "response": ""
}
----
[2026-04-07T16:16:17.585Z]
{
  "action": "webhook_post_start",
  "url": "https://localhost/bebots/webhook/wapi",
  "instance": "5363511379",
  "type": "CONNECTION_UPDATE",
  "data": {
    "dataType": "object",
    "isArray": false,
    "keys": [
      "connection",
      "lastDisconnect"
    ]
  }
}
----
[2026-04-07T16:16:17.642Z]
{
  "action": "webhook_post_result",
  "url": "https://localhost/bebots/webhook/wapi",
  "instance": "5363511379",
  "type": "CONNECTION_UPDATE",
  "status": 200,
  "response": ""
}
----
[2026-04-07T16:16:19.400Z]
{
  "action": "webhook_post_start",
  "url": "https://localhost/bebots/webhook/wapi",
  "instance": "5363511379",
  "type": "CONNECTION_UPDATE",
  "data": {
    "dataType": "object",
    "isArray": false,
    "keys": [
      "connection"
    ]
  }
}
----
[2026-04-07T16:16:19.400Z]
{
  "action": "webhook_post_start",
  "url": "https://localhost/bebots/webhook/wapi",
  "instance": "5363511379",
  "type": "CONNECTION_UPDATE",
  "data": {
    "dataType": "object",
    "isArray": false,
    "keys": [
      "isOnline"
    ]
  }
}
----
[2026-04-07T16:16:19.446Z]
{
  "action": "webhook_post_result",
  "url": "https://localhost/bebots/webhook/wapi",
  "instance": "5363511379",
  "type": "CONNECTION_UPDATE",
  "status": 200,
  "response": ""
}
----
[2026-04-07T16:16:19.452Z]
{
  "action": "webhook_post_result",
  "url": "https://localhost/bebots/webhook/wapi",
  "instance": "5363511379",
  "type": "CONNECTION_UPDATE",
  "status": 200,
  "response": ""
}
----
[2026-04-07T16:16:19.561Z]
{
  "action": "webhook_post_start",
  "url": "https://localhost/bebots/webhook/wapi",
  "instance": "5363511379",
  "type": "CONNECTION_UPDATE",
  "data": {
    "dataType": "object",
    "isArray": false,
    "keys": [
      "receivedPendingNotifications"
    ]
  }
}
----
[2026-04-07T16:16:19.618Z]
{
  "action": "webhook_post_result",
  "url": "https://localhost/bebots/webhook/wapi",
  "instance": "5363511379",
  "type": "CONNECTION_UPDATE",
  "status": 200,
  "response": ""
}
----
[2026-04-07T16:16:23.612Z]
{
  "action": "webhook_post_start",
  "url": "https://localhost/bebots/webhook/wapi",
  "instance": "5363511379",
  "type": "CONNECTION_UPDATE",
  "data": {
    "dataType": "object",
    "isArray": false,
    "keys": [
      "connection",
      "receivedPendingNotifications",
      "qr"
    ]
  }
}
----
[2026-04-07T16:16:23.669Z]
{
  "action": "webhook_post_result",
  "url": "https://localhost/bebots/webhook/wapi",
  "instance": "5363511379",
  "type": "CONNECTION_UPDATE",
  "status": 200,
  "response": ""
}
----
[2026-04-07T16:16:25.478Z]
{
  "action": "webhook_post_start",
  "url": "https://localhost/bebots/webhook/wapi",
  "instance": "5363511379",
  "type": "CONNECTION_UPDATE",
  "data": {
    "dataType": "object",
    "isArray": false,
    "keys": [
      "connection",
      "lastDisconnect"
    ]
  }
}
----
[2026-04-07T16:16:25.537Z]
{
  "action": "webhook_post_result",
  "url": "https://localhost/bebots/webhook/wapi",
  "instance": "5363511379",
  "type": "CONNECTION_UPDATE",
  "status": 200,
  "response": ""
}
----
[2026-04-07T16:16:27.215Z]
{
  "action": "webhook_post_start",
  "url": "https://localhost/bebots/webhook/wapi",
  "instance": "5363511379",
  "type": "CONNECTION_UPDATE",
  "data": {
    "dataType": "object",
    "isArray": false,
    "keys": [
      "connection"
    ]
  }
}
----
[2026-04-07T16:16:27.216Z]
{
  "action": "webhook_post_start",
  "url": "https://localhost/bebots/webhook/wapi",
  "instance": "5363511379",
  "type": "CONNECTION_UPDATE",
  "data": {
    "dataType": "object",
    "isArray": false,
    "keys": [
      "isOnline"
    ]
  }
}
----
[2026-04-07T16:16:27.275Z]
{
  "action": "webhook_post_result",
  "url": "https://localhost/bebots/webhook/wapi",
  "instance": "5363511379",
  "type": "CONNECTION_UPDATE",
  "status": 200,
  "response": ""
}
----
[2026-04-07T16:16:27.291Z]
{
  "action": "webhook_post_result",
  "url": "https://localhost/bebots/webhook/wapi",
  "instance": "5363511379",
  "type": "CONNECTION_UPDATE",
  "status": 200,
  "response": ""
}
----
[2026-04-07T16:16:27.354Z]
{
  "action": "webhook_post_start",
  "url": "https://localhost/bebots/webhook/wapi",
  "instance": "5363511379",
  "type": "CONNECTION_UPDATE",
  "data": {
    "dataType": "object",
    "isArray": false,
    "keys": [
      "receivedPendingNotifications"
    ]
  }
}
----
[2026-04-07T16:16:27.406Z]
{
  "action": "webhook_post_result",
  "url": "https://localhost/bebots/webhook/wapi",
  "instance": "5363511379",
  "type": "CONNECTION_UPDATE",
  "status": 200,
  "response": ""
}
----
[2026-04-07T16:16:31.894Z]
{
  "action": "webhook_post_start",
  "url": "https://localhost/bebots/webhook/wapi",
  "instance": "5363511379",
  "type": "CONNECTION_UPDATE",
  "data": {
    "dataType": "object",
    "isArray": false,
    "keys": [
      "connection",
      "receivedPendingNotifications",
      "qr"
    ]
  }
}
----
[2026-04-07T16:16:31.954Z]
{
  "action": "webhook_post_result",
  "url": "https://localhost/bebots/webhook/wapi",
  "instance": "5363511379",
  "type": "CONNECTION_UPDATE",
  "status": 200,
  "response": ""
}
----
[2026-04-07T16:16:33.712Z]
{
  "action": "webhook_post_start",
  "url": "https://localhost/bebots/webhook/wapi",
  "instance": "5363511379",
  "type": "CONNECTION_UPDATE",
  "data": {
    "dataType": "object",
    "isArray": false,
    "keys": [
      "connection",
      "lastDisconnect"
    ]
  }
}
----
[2026-04-07T16:16:33.772Z]
{
  "action": "webhook_post_result",
  "url": "https://localhost/bebots/webhook/wapi",
  "instance": "5363511379",
  "type": "CONNECTION_UPDATE",
  "status": 200,
  "response": ""
}
----
[2026-04-07T16:16:35.514Z]
{
  "action": "webhook_post_start",
  "url": "https://localhost/bebots/webhook/wapi",
  "instance": "5363511379",
  "type": "CONNECTION_UPDATE",
  "data": {
    "dataType": "object",
    "isArray": false,
    "keys": [
      "connection"
    ]
  }
}
----
[2026-04-07T16:16:35.513Z]
{
  "action": "webhook_post_start",
  "url": "https://localhost/bebots/webhook/wapi",
  "instance": "5363511379",
  "type": "CONNECTION_UPDATE",
  "data": {
    "dataType": "object",
    "isArray": false,
    "keys": [
      "isOnline"
    ]
  }
}
----
[2026-04-07T16:16:35.594Z]
{
  "action": "webhook_post_result",
  "url": "https://localhost/bebots/webhook/wapi",
  "instance": "5363511379",
  "type": "CONNECTION_UPDATE",
  "status": 200,
  "response": ""
}
----
[2026-04-07T16:16:35.594Z]
{
  "action": "webhook_post_result",
  "url": "https://localhost/bebots/webhook/wapi",
  "instance": "5363511379",
  "type": "CONNECTION_UPDATE",
  "status": 200,
  "response": ""
}
----
[2026-04-07T16:16:35.801Z]
{
  "action": "webhook_post_start",
  "url": "https://localhost/bebots/webhook/wapi",
  "instance": "5363511379",
  "type": "CONNECTION_UPDATE",
  "data": {
    "dataType": "object",
    "isArray": false,
    "keys": [
      "receivedPendingNotifications"
    ]
  }
}
----
[2026-04-07T16:16:35.849Z]
{
  "action": "webhook_post_result",
  "url": "https://localhost/bebots/webhook/wapi",
  "instance": "5363511379",
  "type": "CONNECTION_UPDATE",
  "status": 200,
  "response": ""
}
----
[2026-04-07T16:16:40.156Z]
{
  "action": "webhook_post_start",
  "url": "https://localhost/bebots/webhook/wapi",
  "instance": "5363511379",
  "type": "CONNECTION_UPDATE",
  "data": {
    "dataType": "object",
    "isArray": false,
    "keys": [
      "connection",
      "receivedPendingNotifications",
      "qr"
    ]
  }
}
----
[2026-04-07T16:16:40.243Z]
{
  "action": "webhook_post_result",
  "url": "https://localhost/bebots/webhook/wapi",
  "instance": "5363511379",
  "type": "CONNECTION_UPDATE",
  "status": 200,
  "response": ""
}
----
[2026-04-07T16:16:42.926Z]
{
  "action": "webhook_post_start",
  "url": "https://localhost/bebots/webhook/wapi",
  "instance": "5363511379",
  "type": "CONNECTION_UPDATE",
  "data": {
    "dataType": "object",
    "isArray": false,
    "keys": [
      "connection",
      "lastDisconnect"
    ]
  }
}
----
[2026-04-07T16:16:42.992Z]
{
  "action": "webhook_post_result",
  "url": "https://localhost/bebots/webhook/wapi",
  "instance": "5363511379",
  "type": "CONNECTION_UPDATE",
  "status": 200,
  "response": ""
}
----
[2026-04-07T16:16:44.622Z]
{
  "action": "webhook_post_start",
  "url": "https://localhost/bebots/webhook/wapi",
  "instance": "5363511379",
  "type": "CONNECTION_UPDATE",
  "data": {
    "dataType": "object",
    "isArray": false,
    "keys": [
      "isOnline"
    ]
  }
}
----
[2026-04-07T16:16:44.622Z]
{
  "action": "webhook_post_start",
  "url": "https://localhost/bebots/webhook/wapi",
  "instance": "5363511379",
  "type": "CONNECTION_UPDATE",
  "data": {
    "dataType": "object",
    "isArray": false,
    "keys": [
      "connection"
    ]
  }
}
----
[2026-04-07T16:16:44.677Z]
{
  "action": "webhook_post_result",
  "url": "https://localhost/bebots/webhook/wapi",
  "instance": "5363511379",
  "type": "CONNECTION_UPDATE",
  "status": 200,
  "response": ""
}
----
[2026-04-07T16:16:44.681Z]
{
  "action": "webhook_post_result",
  "url": "https://localhost/bebots/webhook/wapi",
  "instance": "5363511379",
  "type": "CONNECTION_UPDATE",
  "status": 200,
  "response": ""
}
----
[2026-04-07T16:16:44.788Z]
{
  "action": "webhook_post_start",
  "url": "https://localhost/bebots/webhook/wapi",
  "instance": "5363511379",
  "type": "CONNECTION_UPDATE",
  "data": {
    "dataType": "object",
    "isArray": false,
    "keys": [
      "receivedPendingNotifications"
    ]
  }
}
----
[2026-04-07T16:16:44.855Z]
{
  "action": "webhook_post_result",
  "url": "https://localhost/bebots/webhook/wapi",
  "instance": "5363511379",
  "type": "CONNECTION_UPDATE",
  "status": 200,
  "response": ""
}
----
[2026-04-07T16:16:50.968Z]
{
  "action": "webhook_post_start",
  "url": "https://localhost/bebots/webhook/wapi",
  "instance": "5363511379",
  "type": "CONNECTION_UPDATE",
  "data": {
    "dataType": "object",
    "isArray": false,
    "keys": [
      "connection",
      "receivedPendingNotifications",
      "qr"
    ]
  }
}
----
[2026-04-07T16:16:51.062Z]
{
  "action": "webhook_post_result",
  "url": "https://localhost/bebots/webhook/wapi",
  "instance": "5363511379",
  "type": "CONNECTION_UPDATE",
  "status": 200,
  "response": ""
}
----
[2026-04-07T16:16:53.961Z]
{
  "action": "webhook_post_start",
  "url": "https://localhost/bebots/webhook/wapi",
  "instance": "5363511379",
  "type": "CONNECTION_UPDATE",
  "data": {
    "dataType": "object",
    "isArray": false,
    "keys": [
      "connection",
      "lastDisconnect"
    ]
  }
}
----
[2026-04-07T16:16:54.022Z]
{
  "action": "webhook_post_result",
  "url": "https://localhost/bebots/webhook/wapi",
  "instance": "5363511379",
  "type": "CONNECTION_UPDATE",
  "status": 200,
  "response": ""
}
----
[2026-04-07T16:16:56.219Z]
{
  "action": "webhook_post_start",
  "url": "https://localhost/bebots/webhook/wapi",
  "instance": "5363511379",
  "type": "CONNECTION_UPDATE",
  "data": {
    "dataType": "object",
    "isArray": false,
    "keys": [
      "isOnline"
    ]
  }
}
----
[2026-04-07T16:16:56.220Z]
{
  "action": "webhook_post_start",
  "url": "https://localhost/bebots/webhook/wapi",
  "instance": "5363511379",
  "type": "CONNECTION_UPDATE",
  "data": {
    "dataType": "object",
    "isArray": false,
    "keys": [
      "connection"
    ]
  }
}
----
[2026-04-07T16:16:56.320Z]
{
  "action": "webhook_post_result",
  "url": "https://localhost/bebots/webhook/wapi",
  "instance": "5363511379",
  "type": "CONNECTION_UPDATE",
  "status": 200,
  "response": ""
}
----
[2026-04-07T16:16:56.325Z]
{
  "action": "webhook_post_result",
  "url": "https://localhost/bebots/webhook/wapi",
  "instance": "5363511379",
  "type": "CONNECTION_UPDATE",
  "status": 200,
  "response": ""
}
----
[2026-04-07T16:16:56.502Z]
{
  "action": "webhook_post_start",
  "url": "https://localhost/bebots/webhook/wapi",
  "instance": "5363511379",
  "type": "CONNECTION_UPDATE",
  "data": {
    "dataType": "object",
    "isArray": false,
    "keys": [
      "receivedPendingNotifications"
    ]
  }
}
----
[2026-04-07T16:16:56.612Z]
{
  "action": "webhook_post_result",
  "url": "https://localhost/bebots/webhook/wapi",
  "instance": "5363511379",
  "type": "CONNECTION_UPDATE",
  "status": 200,
  "response": ""
}
----
[2026-04-07T16:17:01.446Z]
{
  "action": "webhook_post_start",
  "url": "https://localhost/bebots/webhook/wapi",
  "instance": "5363511379",
  "type": "CONNECTION_UPDATE",
  "data": {
    "dataType": "object",
    "isArray": false,
    "keys": [
      "connection",
      "receivedPendingNotifications",
      "qr"
    ]
  }
}
----
[2026-04-07T16:17:01.526Z]
{
  "action": "webhook_post_result",
  "url": "https://localhost/bebots/webhook/wapi",
  "instance": "5363511379",
  "type": "CONNECTION_UPDATE",
  "status": 200,
  "response": ""
}
----
[2026-04-07T16:17:05.451Z]
{
  "action": "webhook_post_start",
  "url": "https://localhost/bebots/webhook/wapi",
  "instance": "5363511379",
  "type": "CONNECTION_UPDATE",
  "data": {
    "dataType": "object",
    "isArray": false,
    "keys": [
      "connection",
      "lastDisconnect"
    ]
  }
}
----
[2026-04-07T16:17:05.526Z]
{
  "action": "webhook_post_result",
  "url": "https://localhost/bebots/webhook/wapi",
  "instance": "5363511379",
  "type": "CONNECTION_UPDATE",
  "status": 200,
  "response": ""
}
----
[2026-04-07T16:17:07.741Z]
{
  "action": "webhook_post_start",
  "url": "https://localhost/bebots/webhook/wapi",
  "instance": "5363511379",
  "type": "CONNECTION_UPDATE",
  "data": {
    "dataType": "object",
    "isArray": false,
    "keys": [
      "connection"
    ]
  }
}
----
[2026-04-07T16:17:07.740Z]
{
  "action": "webhook_post_start",
  "url": "https://localhost/bebots/webhook/wapi",
  "instance": "5363511379",
  "type": "CONNECTION_UPDATE",
  "data": {
    "dataType": "object",
    "isArray": false,
    "keys": [
      "isOnline"
    ]
  }
}
----
[2026-04-07T16:17:07.822Z]
{
  "action": "webhook_post_result",
  "url": "https://localhost/bebots/webhook/wapi",
  "instance": "5363511379",
  "type": "CONNECTION_UPDATE",
  "status": 200,
  "response": ""
}
----
[2026-04-07T16:17:07.822Z]
{
  "action": "webhook_post_result",
  "url": "https://localhost/bebots/webhook/wapi",
  "instance": "5363511379",
  "type": "CONNECTION_UPDATE",
  "status": 200,
  "response": ""
}
----
[2026-04-07T16:17:07.933Z]
{
  "action": "webhook_post_start",
  "url": "https://localhost/bebots/webhook/wapi",
  "instance": "5363511379",
  "type": "CONNECTION_UPDATE",
  "data": {
    "dataType": "object",
    "isArray": false,
    "keys": [
      "receivedPendingNotifications"
    ]
  }
}
----
[2026-04-07T16:17:08.001Z]
{
  "action": "webhook_post_result",
  "url": "https://localhost/bebots/webhook/wapi",
  "instance": "5363511379",
  "type": "CONNECTION_UPDATE",
  "status": 200,
  "response": ""
}
----
[2026-04-07T16:17:12.710Z]
{
  "action": "webhook_post_start",
  "url": "https://localhost/bebots/webhook/wapi",
  "instance": "5363511379",
  "type": "CONNECTION_UPDATE",
  "data": {
    "dataType": "object",
    "isArray": false,
    "keys": [
      "connection",
      "receivedPendingNotifications",
      "qr"
    ]
  }
}
----
[2026-04-07T16:17:12.791Z]
{
  "action": "webhook_post_result",
  "url": "https://localhost/bebots/webhook/wapi",
  "instance": "5363511379",
  "type": "CONNECTION_UPDATE",
  "status": 200,
  "response": ""
}
----
[2026-04-07T16:17:15.578Z]
{
  "action": "webhook_post_start",
  "url": "https://localhost/bebots/webhook/wapi",
  "instance": "5363511379",
  "type": "CONNECTION_UPDATE",
  "data": {
    "dataType": "object",
    "isArray": false,
    "keys": [
      "connection",
      "lastDisconnect"
    ]
  }
}
----
[2026-04-07T16:17:15.667Z]
{
  "action": "webhook_post_result",
  "url": "https://localhost/bebots/webhook/wapi",
  "instance": "5363511379",
  "type": "CONNECTION_UPDATE",
  "status": 200,
  "response": ""
}
----
[2026-04-07T16:17:17.160Z]
{
  "action": "webhook_post_start",
  "url": "https://localhost/bebots/webhook/wapi",
  "instance": "5363511379",
  "type": "CONNECTION_UPDATE",
  "data": {
    "dataType": "object",
    "isArray": false,
    "keys": [
      "connection"
    ]
  }
}
----
[2026-04-07T16:17:17.160Z]
{
  "action": "webhook_post_start",
  "url": "https://localhost/bebots/webhook/wapi",
  "instance": "5363511379",
  "type": "CONNECTION_UPDATE",
  "data": {
    "dataType": "object",
    "isArray": false,
    "keys": [
      "isOnline"
    ]
  }
}
----
[2026-04-07T16:17:17.209Z]
{
  "action": "webhook_post_result",
  "url": "https://localhost/bebots/webhook/wapi",
  "instance": "5363511379",
  "type": "CONNECTION_UPDATE",
  "status": 200,
  "response": ""
}
----
[2026-04-07T16:17:17.217Z]
{
  "action": "webhook_post_result",
  "url": "https://localhost/bebots/webhook/wapi",
  "instance": "5363511379",
  "type": "CONNECTION_UPDATE",
  "status": 200,
  "response": ""
}
----
[2026-04-07T16:17:17.279Z]
{
  "action": "webhook_post_start",
  "url": "https://localhost/bebots/webhook/wapi",
  "instance": "5363511379",
  "type": "CONNECTION_UPDATE",
  "data": {
    "dataType": "object",
    "isArray": false,
    "keys": [
      "receivedPendingNotifications"
    ]
  }
}
----
[2026-04-07T16:17:17.352Z]
{
  "action": "webhook_post_result",
  "url": "https://localhost/bebots/webhook/wapi",
  "instance": "5363511379",
  "type": "CONNECTION_UPDATE",
  "status": 200,
  "response": ""
}
----
[2026-04-07T16:17:21.509Z]
{
  "action": "webhook_post_start",
  "url": "https://localhost/bebots/webhook/wapi",
  "instance": "5363511379",
  "type": "CONNECTION_UPDATE",
  "data": {
    "dataType": "object",
    "isArray": false,
    "keys": [
      "connection",
      "receivedPendingNotifications",
      "qr"
    ]
  }
}
----
[2026-04-07T16:17:21.562Z]
{
  "action": "webhook_post_result",
  "url": "https://localhost/bebots/webhook/wapi",
  "instance": "5363511379",
  "type": "CONNECTION_UPDATE",
  "status": 200,
  "response": ""
}
----
[2026-04-07T16:17:23.653Z]
{
  "action": "webhook_post_start",
  "url": "https://localhost/bebots/webhook/wapi",
  "instance": "5363511379",
  "type": "CONNECTION_UPDATE",
  "data": {
    "dataType": "object",
    "isArray": false,
    "keys": [
      "connection",
      "lastDisconnect"
    ]
  }
}
----
[2026-04-07T16:17:23.714Z]
{
  "action": "webhook_post_result",
  "url": "https://localhost/bebots/webhook/wapi",
  "instance": "5363511379",
  "type": "CONNECTION_UPDATE",
  "status": 200,
  "response": ""
}
----
[2026-04-07T16:17:24.959Z]
{
  "action": "webhook_post_start",
  "url": "https://localhost/bebots/webhook/wapi",
  "instance": "5363511379",
  "type": "CONNECTION_UPDATE",
  "data": {
    "dataType": "object",
    "isArray": false,
    "keys": [
      "isOnline"
    ]
  }
}
----
[2026-04-07T16:17:24.959Z]
{
  "action": "webhook_post_start",
  "url": "https://localhost/bebots/webhook/wapi",
  "instance": "5363511379",
  "type": "CONNECTION_UPDATE",
  "data": {
    "dataType": "object",
    "isArray": false,
    "keys": [
      "connection"
    ]
  }
}
----
[2026-04-07T16:17:24.959Z]
{
  "action": "webhook_post_start",
  "url": "https://localhost/bebots/webhook/wapi",
  "instance": "5363511379",
  "type": "CONNECTION_UPDATE",
  "data": {
    "dataType": "object",
    "isArray": false,
    "keys": [
      "receivedPendingNotifications"
    ]
  }
}
----
[2026-04-07T16:17:25.020Z]
{
  "action": "webhook_post_result",
  "url": "https://localhost/bebots/webhook/wapi",
  "instance": "5363511379",
  "type": "CONNECTION_UPDATE",
  "status": 200,
  "response": ""
}
----
[2026-04-07T16:17:25.024Z]
{
  "action": "webhook_post_result",
  "url": "https://localhost/bebots/webhook/wapi",
  "instance": "5363511379",
  "type": "CONNECTION_UPDATE",
  "status": 200,
  "response": ""
}
----
[2026-04-07T16:17:25.042Z]
{
  "action": "webhook_post_result",
  "url": "https://localhost/bebots/webhook/wapi",
  "instance": "5363511379",
  "type": "CONNECTION_UPDATE",
  "status": 200,
  "response": ""
}
----
[2026-04-07T16:17:30.149Z]
{
  "action": "webhook_post_start",
  "url": "https://localhost/bebots/webhook/wapi",
  "instance": "5363511379",
  "type": "CONNECTION_UPDATE",
  "data": {
    "dataType": "object",
    "isArray": false,
    "keys": [
      "connection",
      "receivedPendingNotifications",
      "qr"
    ]
  }
}
----
[2026-04-07T16:17:30.207Z]
{
  "action": "webhook_post_result",
  "url": "https://localhost/bebots/webhook/wapi",
  "instance": "5363511379",
  "type": "CONNECTION_UPDATE",
  "status": 200,
  "response": ""
}
----
[2026-04-07T16:17:32.392Z]
{
  "action": "webhook_post_start",
  "url": "https://localhost/bebots/webhook/wapi",
  "instance": "5363511379",
  "type": "CONNECTION_UPDATE",
  "data": {
    "dataType": "object",
    "isArray": false,
    "keys": [
      "connection",
      "lastDisconnect"
    ]
  }
}
----
[2026-04-07T16:17:32.447Z]
{
  "action": "webhook_post_result",
  "url": "https://localhost/bebots/webhook/wapi",
  "instance": "5363511379",
  "type": "CONNECTION_UPDATE",
  "status": 200,
  "response": ""
}
----
[2026-04-07T16:17:33.475Z]
{
  "action": "webhook_post_start",
  "url": "https://localhost/bebots/webhook/wapi",
  "instance": "5363511379",
  "type": "CONNECTION_UPDATE",
  "data": {
    "dataType": "object",
    "isArray": false,
    "keys": [
      "isOnline"
    ]
  }
}
----
[2026-04-07T16:17:33.475Z]
{
  "action": "webhook_post_start",
  "url": "https://localhost/bebots/webhook/wapi",
  "instance": "5363511379",
  "type": "CONNECTION_UPDATE",
  "data": {
    "dataType": "object",
    "isArray": false,
    "keys": [
      "connection"
    ]
  }
}
----
[2026-04-07T16:17:33.527Z]
{
  "action": "webhook_post_result",
  "url": "https://localhost/bebots/webhook/wapi",
  "instance": "5363511379",
  "type": "CONNECTION_UPDATE",
  "status": 200,
  "response": ""
}
----
[2026-04-07T16:17:33.530Z]
{
  "action": "webhook_post_start",
  "url": "https://localhost/bebots/webhook/wapi",
  "instance": "5363511379",
  "type": "CONNECTION_UPDATE",
  "data": {
    "dataType": "object",
    "isArray": false,
    "keys": [
      "receivedPendingNotifications"
    ]
  }
}
----
[2026-04-07T16:17:33.539Z]
{
  "action": "webhook_post_result",
  "url": "https://localhost/bebots/webhook/wapi",
  "instance": "5363511379",
  "type": "CONNECTION_UPDATE",
  "status": 200,
  "response": ""
}
----
[2026-04-07T16:17:33.584Z]
{
  "action": "webhook_post_result",
  "url": "https://localhost/bebots/webhook/wapi",
  "instance": "5363511379",
  "type": "CONNECTION_UPDATE",
  "status": 200,
  "response": ""
}
----
[2026-04-07T16:17:38.092Z]
{
  "action": "webhook_post_start",
  "url": "https://localhost/bebots/webhook/wapi",
  "instance": "5363511379",
  "type": "CONNECTION_UPDATE",
  "data": {
    "dataType": "object",
    "isArray": false,
    "keys": [
      "connection",
      "receivedPendingNotifications",
      "qr"
    ]
  }
}
----
[2026-04-07T16:17:38.154Z]
{
  "action": "webhook_post_result",
  "url": "https://localhost/bebots/webhook/wapi",
  "instance": "5363511379",
  "type": "CONNECTION_UPDATE",
  "status": 200,
  "response": ""
}
----
[2026-04-07T16:17:41.138Z]
{
  "action": "webhook_post_start",
  "url": "https://localhost/bebots/webhook/wapi",
  "instance": "5363511379",
  "type": "CONNECTION_UPDATE",
  "data": {
    "dataType": "object",
    "isArray": false,
    "keys": [
      "connection",
      "lastDisconnect"
    ]
  }
}
----
[2026-04-07T16:17:41.193Z]
{
  "action": "webhook_post_result",
  "url": "https://localhost/bebots/webhook/wapi",
  "instance": "5363511379",
  "type": "CONNECTION_UPDATE",
  "status": 200,
  "response": ""
}
----
[2026-04-07T16:17:43.525Z]
{
  "action": "webhook_post_start",
  "url": "https://localhost/bebots/webhook/wapi",
  "instance": "5363511379",
  "type": "CONNECTION_UPDATE",
  "data": {
    "dataType": "object",
    "isArray": false,
    "keys": [
      "isOnline"
    ]
  }
}
----
[2026-04-07T16:17:43.526Z]
{
  "action": "webhook_post_start",
  "url": "https://localhost/bebots/webhook/wapi",
  "instance": "5363511379",
  "type": "CONNECTION_UPDATE",
  "data": {
    "dataType": "object",
    "isArray": false,
    "keys": [
      "connection"
    ]
  }
}
----
[2026-04-07T16:17:43.526Z]
{
  "action": "webhook_post_start",
  "url": "https://localhost/bebots/webhook/wapi",
  "instance": "5363511379",
  "type": "CONNECTION_UPDATE",
  "data": {
    "dataType": "object",
    "isArray": false,
    "keys": [
      "receivedPendingNotifications"
    ]
  }
}
----
[2026-04-07T16:17:43.582Z]
{
  "action": "webhook_post_result",
  "url": "https://localhost/bebots/webhook/wapi",
  "instance": "5363511379",
  "type": "CONNECTION_UPDATE",
  "status": 200,
  "response": ""
}
----
[2026-04-07T16:17:43.588Z]
{
  "action": "webhook_post_result",
  "url": "https://localhost/bebots/webhook/wapi",
  "instance": "5363511379",
  "type": "CONNECTION_UPDATE",
  "status": 200,
  "response": ""
}
----
[2026-04-07T16:17:43.596Z]
{
  "action": "webhook_post_result",
  "url": "https://localhost/bebots/webhook/wapi",
  "instance": "5363511379",
  "type": "CONNECTION_UPDATE",
  "status": 200,
  "response": ""
}
----
[2026-04-07T16:17:50.447Z]
{
  "action": "webhook_post_start",
  "url": "https://localhost/bebots/webhook/wapi",
  "instance": "5363511379",
  "type": "CONNECTION_UPDATE",
  "data": {
    "dataType": "object",
    "isArray": false,
    "keys": [
      "connection",
      "receivedPendingNotifications",
      "qr"
    ]
  }
}
----
[2026-04-07T16:17:50.504Z]
{
  "action": "webhook_post_result",
  "url": "https://localhost/bebots/webhook/wapi",
  "instance": "5363511379",
  "type": "CONNECTION_UPDATE",
  "status": 200,
  "response": ""
}
----
[2026-04-07T16:17:55.112Z]
{
  "action": "webhook_post_start",
  "url": "https://localhost/bebots/webhook/wapi",
  "instance": "5363511379",
  "type": "CONNECTION_UPDATE",
  "data": {
    "dataType": "object",
    "isArray": false,
    "keys": [
      "connection",
      "lastDisconnect"
    ]
  }
}
----
[2026-04-07T16:17:55.385Z]
{
  "action": "webhook_post_result",
  "url": "https://localhost/bebots/webhook/wapi",
  "instance": "5363511379",
  "type": "CONNECTION_UPDATE",
  "status": 200,
  "response": ""
}
----
[2026-04-07T16:18:00.520Z]
{
  "action": "webhook_post_start",
  "url": "https://localhost/bebots/webhook/wapi",
  "instance": "5363511379",
  "type": "CONNECTION_UPDATE",
  "data": {
    "dataType": "object",
    "isArray": false,
    "keys": [
      "connection"
    ]
  }
}
----
[2026-04-07T16:18:00.520Z]
{
  "action": "webhook_post_start",
  "url": "https://localhost/bebots/webhook/wapi",
  "instance": "5363511379",
  "type": "CONNECTION_UPDATE",
  "data": {
    "dataType": "object",
    "isArray": false,
    "keys": [
      "isOnline"
    ]
  }
}
----
[2026-04-07T16:18:00.567Z]
{
  "action": "webhook_post_result",
  "url": "https://localhost/bebots/webhook/wapi",
  "instance": "5363511379",
  "type": "CONNECTION_UPDATE",
  "status": 200,
  "response": ""
}
----
[2026-04-07T16:18:00.582Z]
{
  "action": "webhook_post_result",
  "url": "https://localhost/bebots/webhook/wapi",
  "instance": "5363511379",
  "type": "CONNECTION_UPDATE",
  "status": 200,
  "response": ""
}
----
[2026-04-07T16:18:00.657Z]
{
  "action": "webhook_post_start",
  "url": "https://localhost/bebots/webhook/wapi",
  "instance": "5363511379",
  "type": "CONNECTION_UPDATE",
  "data": {
    "dataType": "object",
    "isArray": false,
    "keys": [
      "receivedPendingNotifications"
    ]
  }
}
----
[2026-04-07T16:18:00.702Z]
{
  "action": "webhook_post_result",
  "url": "https://localhost/bebots/webhook/wapi",
  "instance": "5363511379",
  "type": "CONNECTION_UPDATE",
  "status": 200,
  "response": ""
}
----
[2026-04-07T16:18:10.829Z]
{
  "action": "webhook_post_start",
  "url": "https://localhost/bebots/webhook/wapi",
  "instance": "5363511379",
  "type": "CONNECTION_UPDATE",
  "data": {
    "dataType": "object",
    "isArray": false,
    "keys": [
      "connection",
      "receivedPendingNotifications",
      "qr"
    ]
  }
}
----
[2026-04-07T16:18:10.889Z]
{
  "action": "webhook_post_result",
  "url": "https://localhost/bebots/webhook/wapi",
  "instance": "5363511379",
  "type": "CONNECTION_UPDATE",
  "status": 200,
  "response": ""
}
----
[2026-04-07T16:18:26.153Z]
{
  "action": "webhook_post_start",
  "url": "https://localhost/bebots/webhook/wapi",
  "instance": "5363511379",
  "type": "CONNECTION_UPDATE",
  "data": {
    "dataType": "object",
    "isArray": false,
    "keys": [
      "connection",
      "lastDisconnect"
    ]
  }
}
----
[2026-04-07T16:18:26.450Z]
{
  "action": "webhook_post_result",
  "url": "https://localhost/bebots/webhook/wapi",
  "instance": "5363511379",
  "type": "CONNECTION_UPDATE",
  "status": 200,
  "response": ""
}
----
[2026-04-07T16:18:41.823Z]
{
  "action": "webhook_post_start",
  "url": "https://localhost/bebots/webhook/wapi",
  "instance": "5363511379",
  "type": "CONNECTION_UPDATE",
  "data": {
    "dataType": "object",
    "isArray": false,
    "keys": [
      "connection",
      "receivedPendingNotifications",
      "qr"
    ]
  }
}
----
[2026-04-07T16:18:41.889Z]
{
  "action": "webhook_post_result",
  "url": "https://localhost/bebots/webhook/wapi",
  "instance": "5363511379",
  "type": "CONNECTION_UPDATE",
  "status": 200,
  "response": ""
}
----
[2026-04-07T16:19:02.393Z]
{
  "action": "webhook_post_start",
  "url": "https://localhost/bebots/webhook/wapi",
  "instance": "5363511379",
  "type": "CONNECTION_UPDATE",
  "data": {
    "dataType": "object",
    "isArray": false,
    "keys": [
      "connection",
      "lastDisconnect"
    ]
  }
}
----
[2026-04-07T16:19:02.661Z]
{
  "action": "webhook_post_result",
  "url": "https://localhost/bebots/webhook/wapi",
  "instance": "5363511379",
  "type": "CONNECTION_UPDATE",
  "status": 200,
  "response": ""
}
----
[2026-04-07T16:19:17.265Z]
{
  "action": "webhook_post_start",
  "url": "https://localhost/bebots/webhook/wapi",
  "instance": "5363511379",
  "type": "CONNECTION_UPDATE",
  "data": {
    "dataType": "object",
    "isArray": false,
    "keys": [
      "connection",
      "receivedPendingNotifications",
      "qr"
    ]
  }
}
----
[2026-04-07T16:19:17.338Z]
{
  "action": "webhook_post_result",
  "url": "https://localhost/bebots/webhook/wapi",
  "instance": "5363511379",
  "type": "CONNECTION_UPDATE",
  "status": 200,
  "response": ""
}
----
[2026-04-07T16:19:31.193Z]
{
  "action": "webhook_post_start",
  "url": "https://localhost/bebots/webhook/wapi",
  "instance": "5363511379",
  "type": "CONNECTION_UPDATE",
  "data": {
    "dataType": "object",
    "isArray": false,
    "keys": [
      "connection",
      "lastDisconnect"
    ]
  }
}
----
[2026-04-07T16:19:31.505Z]
{
  "action": "webhook_post_result",
  "url": "https://localhost/bebots/webhook/wapi",
  "instance": "5363511379",
  "type": "CONNECTION_UPDATE",
  "status": 200,
  "response": ""
}
----
[2026-04-07T16:19:33.790Z]
{
  "action": "webhook_post_start",
  "url": "https://localhost/bebots/webhook/wapi",
  "instance": "5363511379",
  "type": "CONNECTION_UPDATE",
  "data": {
    "dataType": "object",
    "isArray": false,
    "keys": [
      "isOnline"
    ]
  }
}
----
[2026-04-07T16:19:33.790Z]
{
  "action": "webhook_post_start",
  "url": "https://localhost/bebots/webhook/wapi",
  "instance": "5363511379",
  "type": "CONNECTION_UPDATE",
  "data": {
    "dataType": "object",
    "isArray": false,
    "keys": [
      "connection"
    ]
  }
}
----
[2026-04-07T16:19:33.857Z]
{
  "action": "webhook_post_start",
  "url": "https://localhost/bebots/webhook/wapi",
  "instance": "5363511379",
  "type": "CONNECTION_UPDATE",
  "data": {
    "dataType": "object",
    "isArray": false,
    "keys": [
      "receivedPendingNotifications"
    ]
  }
}
----
[2026-04-07T16:19:33.867Z]
{
  "action": "webhook_post_result",
  "url": "https://localhost/bebots/webhook/wapi",
  "instance": "5363511379",
  "type": "CONNECTION_UPDATE",
  "status": 200,
  "response": ""
}
----
[2026-04-07T16:19:33.867Z]
{
  "action": "webhook_post_result",
  "url": "https://localhost/bebots/webhook/wapi",
  "instance": "5363511379",
  "type": "CONNECTION_UPDATE",
  "status": 200,
  "response": ""
}
----
[2026-04-07T16:19:33.925Z]
{
  "action": "webhook_post_result",
  "url": "https://localhost/bebots/webhook/wapi",
  "instance": "5363511379",
  "type": "CONNECTION_UPDATE",
  "status": 200,
  "response": ""
}
----
[2026-04-07T16:19:40.071Z]
{
  "action": "webhook_post_start",
  "url": "https://localhost/bebots/webhook/wapi",
  "instance": "5363511379",
  "type": "CONNECTION_UPDATE",
  "data": {
    "dataType": "object",
    "isArray": false,
    "keys": [
      "connection",
      "receivedPendingNotifications",
      "qr"
    ]
  }
}
----
[2026-04-07T16:19:40.132Z]
{
  "action": "webhook_post_result",
  "url": "https://localhost/bebots/webhook/wapi",
  "instance": "5363511379",
  "type": "CONNECTION_UPDATE",
  "status": 200,
  "response": ""
}
----
[2026-04-07T16:19:44.818Z]
{
  "action": "webhook_post_start",
  "url": "https://localhost/bebots/webhook/wapi",
  "instance": "5363511379",
  "type": "CONNECTION_UPDATE",
  "data": {
    "dataType": "object",
    "isArray": false,
    "keys": [
      "connection",
      "lastDisconnect"
    ]
  }
}
----
[2026-04-07T16:19:45.109Z]
{
  "action": "webhook_post_result",
  "url": "https://localhost/bebots/webhook/wapi",
  "instance": "5363511379",
  "type": "CONNECTION_UPDATE",
  "status": 200,
  "response": ""
}
----
[2026-04-07T16:19:47.089Z]
{
  "action": "webhook_post_start",
  "url": "https://localhost/bebots/webhook/wapi",
  "instance": "5363511379",
  "type": "CONNECTION_UPDATE",
  "data": {
    "dataType": "object",
    "isArray": false,
    "keys": [
      "isOnline"
    ]
  }
}
----
[2026-04-07T16:19:47.089Z]
{
  "action": "webhook_post_start",
  "url": "https://localhost/bebots/webhook/wapi",
  "instance": "5363511379",
  "type": "CONNECTION_UPDATE",
  "data": {
    "dataType": "object",
    "isArray": false,
    "keys": [
      "connection"
    ]
  }
}
----
[2026-04-07T16:19:47.127Z]
{
  "action": "webhook_post_start",
  "url": "https://localhost/bebots/webhook/wapi",
  "instance": "5363511379",
  "type": "CONNECTION_UPDATE",
  "data": {
    "dataType": "object",
    "isArray": false,
    "keys": [
      "receivedPendingNotifications"
    ]
  }
}
----
[2026-04-07T16:19:47.140Z]
{
  "action": "webhook_post_result",
  "url": "https://localhost/bebots/webhook/wapi",
  "instance": "5363511379",
  "type": "CONNECTION_UPDATE",
  "status": 200,
  "response": ""
}
----
[2026-04-07T16:19:47.154Z]
{
  "action": "webhook_post_result",
  "url": "https://localhost/bebots/webhook/wapi",
  "instance": "5363511379",
  "type": "CONNECTION_UPDATE",
  "status": 200,
  "response": ""
}
----
[2026-04-07T16:19:47.200Z]
{
  "action": "webhook_post_result",
  "url": "https://localhost/bebots/webhook/wapi",
  "instance": "5363511379",
  "type": "CONNECTION_UPDATE",
  "status": 200,
  "response": ""
}
----
[2026-04-07T16:19:51.347Z]
{
  "action": "webhook_post_start",
  "url": "https://localhost/bebots/webhook/wapi",
  "instance": "5363511379",
  "type": "CONNECTION_UPDATE",
  "data": {
    "dataType": "object",
    "isArray": false,
    "keys": [
      "connection",
      "receivedPendingNotifications",
      "qr"
    ]
  }
}
----
[2026-04-07T16:19:51.407Z]
{
  "action": "webhook_post_result",
  "url": "https://localhost/bebots/webhook/wapi",
  "instance": "5363511379",
  "type": "CONNECTION_UPDATE",
  "status": 200,
  "response": ""
}
----
[2026-04-07T16:19:55.398Z]
{
  "action": "webhook_post_start",
  "url": "https://localhost/bebots/webhook/wapi",
  "instance": "5363511379",
  "type": "CONNECTION_UPDATE",
  "data": {
    "dataType": "object",
    "isArray": false,
    "keys": [
      "connection",
      "lastDisconnect"
    ]
  }
}
----
[2026-04-07T16:19:55.675Z]
{
  "action": "webhook_post_result",
  "url": "https://localhost/bebots/webhook/wapi",
  "instance": "5363511379",
  "type": "CONNECTION_UPDATE",
  "status": 200,
  "response": ""
}
----
[2026-04-07T16:19:58.135Z]
{
  "action": "webhook_post_start",
  "url": "https://localhost/bebots/webhook/wapi",
  "instance": "5363511379",
  "type": "CONNECTION_UPDATE",
  "data": {
    "dataType": "object",
    "isArray": false,
    "keys": [
      "isOnline"
    ]
  }
}
----
[2026-04-07T16:19:58.135Z]
{
  "action": "webhook_post_start",
  "url": "https://localhost/bebots/webhook/wapi",
  "instance": "5363511379",
  "type": "CONNECTION_UPDATE",
  "data": {
    "dataType": "object",
    "isArray": false,
    "keys": [
      "connection"
    ]
  }
}
----
[2026-04-07T16:19:58.163Z]
{
  "action": "webhook_post_start",
  "url": "https://localhost/bebots/webhook/wapi",
  "instance": "5363511379",
  "type": "CONNECTION_UPDATE",
  "data": {
    "dataType": "object",
    "isArray": false,
    "keys": [
      "receivedPendingNotifications"
    ]
  }
}
----
[2026-04-07T16:19:58.194Z]
{
  "action": "webhook_post_result",
  "url": "https://localhost/bebots/webhook/wapi",
  "instance": "5363511379",
  "type": "CONNECTION_UPDATE",
  "status": 200,
  "response": ""
}
----
[2026-04-07T16:19:58.204Z]
{
  "action": "webhook_post_result",
  "url": "https://localhost/bebots/webhook/wapi",
  "instance": "5363511379",
  "type": "CONNECTION_UPDATE",
  "status": 200,
  "response": ""
}
----
[2026-04-07T16:19:58.209Z]
{
  "action": "webhook_post_result",
  "url": "https://localhost/bebots/webhook/wapi",
  "instance": "5363511379",
  "type": "CONNECTION_UPDATE",
  "status": 200,
  "response": ""
}
----
[2026-04-07T16:20:03.056Z]
{
  "action": "webhook_post_start",
  "url": "https://localhost/bebots/webhook/wapi",
  "instance": "5363511379",
  "type": "CONNECTION_UPDATE",
  "data": {
    "dataType": "object",
    "isArray": false,
    "keys": [
      "connection",
      "receivedPendingNotifications",
      "qr"
    ]
  }
}
----
[2026-04-07T16:20:03.096Z]
{
  "action": "webhook_post_result",
  "url": "https://localhost/bebots/webhook/wapi",
  "instance": "5363511379",
  "type": "CONNECTION_UPDATE",
  "status": 200,
  "response": ""
}
----
[2026-04-07T16:20:07.766Z]
{
  "action": "webhook_post_start",
  "url": "https://localhost/bebots/webhook/wapi",
  "instance": "5363511379",
  "type": "CONNECTION_UPDATE",
  "data": {
    "dataType": "object",
    "isArray": false,
    "keys": [
      "connection",
      "lastDisconnect"
    ]
  }
}
----
[2026-04-07T16:20:07.828Z]
{
  "action": "webhook_post_result",
  "url": "https://localhost/bebots/webhook/wapi",
  "instance": "5363511379",
  "type": "CONNECTION_UPDATE",
  "status": 200,
  "response": ""
}
----
[2026-04-07T16:20:08.842Z]
{
  "action": "webhook_post_start",
  "url": "https://localhost/bebots/webhook/wapi",
  "instance": "5363511379",
  "type": "CONNECTION_UPDATE",
  "data": {
    "dataType": "object",
    "isArray": false,
    "keys": [
      "isOnline"
    ]
  }
}
----
[2026-04-07T16:20:08.842Z]
{
  "action": "webhook_post_start",
  "url": "https://localhost/bebots/webhook/wapi",
  "instance": "5363511379",
  "type": "CONNECTION_UPDATE",
  "data": {
    "dataType": "object",
    "isArray": false,
    "keys": [
      "connection"
    ]
  }
}
----
[2026-04-07T16:20:08.901Z]
{
  "action": "webhook_post_result",
  "url": "https://localhost/bebots/webhook/wapi",
  "instance": "5363511379",
  "type": "CONNECTION_UPDATE",
  "status": 200,
  "response": ""
}
----
[2026-04-07T16:20:08.901Z]
{
  "action": "webhook_post_result",
  "url": "https://localhost/bebots/webhook/wapi",
  "instance": "5363511379",
  "type": "CONNECTION_UPDATE",
  "status": 200,
  "response": ""
}
----
[2026-04-07T16:20:08.913Z]
{
  "action": "webhook_post_start",
  "url": "https://localhost/bebots/webhook/wapi",
  "instance": "5363511379",
  "type": "CONNECTION_UPDATE",
  "data": {
    "dataType": "object",
    "isArray": false,
    "keys": [
      "receivedPendingNotifications"
    ]
  }
}
----
[2026-04-07T16:20:08.978Z]
{
  "action": "webhook_post_result",
  "url": "https://localhost/bebots/webhook/wapi",
  "instance": "5363511379",
  "type": "CONNECTION_UPDATE",
  "status": 200,
  "response": ""
}
----
[2026-04-07T16:20:13.421Z]
{
  "action": "webhook_post_start",
  "url": "https://localhost/bebots/webhook/wapi",
  "instance": "5363511379",
  "type": "CONNECTION_UPDATE",
  "data": {
    "dataType": "object",
    "isArray": false,
    "keys": [
      "connection",
      "receivedPendingNotifications",
      "qr"
    ]
  }
}
----
[2026-04-07T16:20:13.482Z]
{
  "action": "webhook_post_result",
  "url": "https://localhost/bebots/webhook/wapi",
  "instance": "5363511379",
  "type": "CONNECTION_UPDATE",
  "status": 200,
  "response": ""
}
----
[2026-04-07T16:20:15.885Z]
{
  "action": "webhook_post_start",
  "url": "https://localhost/bebots/webhook/wapi",
  "instance": "5363511379",
  "type": "CONNECTION_UPDATE",
  "data": {
    "dataType": "object",
    "isArray": false,
    "keys": [
      "connection",
      "lastDisconnect"
    ]
  }
}
----
[2026-04-07T16:20:15.964Z]
{
  "action": "webhook_post_result",
  "url": "https://localhost/bebots/webhook/wapi",
  "instance": "5363511379",
  "type": "CONNECTION_UPDATE",
  "status": 200,
  "response": ""
}
----
[2026-04-07T16:20:19.196Z]
{
  "action": "webhook_post_start",
  "url": "https://localhost/bebots/webhook/wapi",
  "instance": "5363511379",
  "type": "CONNECTION_UPDATE",
  "data": {
    "dataType": "object",
    "isArray": false,
    "keys": [
      "isOnline"
    ]
  }
}
----
[2026-04-07T16:20:19.196Z]
{
  "action": "webhook_post_start",
  "url": "https://localhost/bebots/webhook/wapi",
  "instance": "5363511379",
  "type": "CONNECTION_UPDATE",
  "data": {
    "dataType": "object",
    "isArray": false,
    "keys": [
      "receivedPendingNotifications"
    ]
  }
}
----
[2026-04-07T16:20:19.196Z]
{
  "action": "webhook_post_start",
  "url": "https://localhost/bebots/webhook/wapi",
  "instance": "5363511379",
  "type": "CONNECTION_UPDATE",
  "data": {
    "dataType": "object",
    "isArray": false,
    "keys": [
      "connection"
    ]
  }
}
----
[2026-04-07T16:20:19.250Z]
{
  "action": "webhook_post_result",
  "url": "https://localhost/bebots/webhook/wapi",
  "instance": "5363511379",
  "type": "CONNECTION_UPDATE",
  "status": 200,
  "response": ""
}
----
[2026-04-07T16:20:19.261Z]
{
  "action": "webhook_post_result",
  "url": "https://localhost/bebots/webhook/wapi",
  "instance": "5363511379",
  "type": "CONNECTION_UPDATE",
  "status": 200,
  "response": ""
}
----
[2026-04-07T16:20:19.266Z]
{
  "action": "webhook_post_result",
  "url": "https://localhost/bebots/webhook/wapi",
  "instance": "5363511379",
  "type": "CONNECTION_UPDATE",
  "status": 200,
  "response": ""
}
----
[2026-04-07T16:20:23.253Z]
{
  "action": "webhook_post_start",
  "url": "https://localhost/bebots/webhook/wapi",
  "instance": "5363511379",
  "type": "CONNECTION_UPDATE",
  "data": {
    "dataType": "object",
    "isArray": false,
    "keys": [
      "connection",
      "receivedPendingNotifications",
      "qr"
    ]
  }
}
----
[2026-04-07T16:20:23.315Z]
{
  "action": "webhook_post_result",
  "url": "https://localhost/bebots/webhook/wapi",
  "instance": "5363511379",
  "type": "CONNECTION_UPDATE",
  "status": 200,
  "response": ""
}
----
[2026-04-07T16:20:28.074Z]
{
  "action": "webhook_post_start",
  "url": "https://localhost/bebots/webhook/wapi",
  "instance": "5363511379",
  "type": "CONNECTION_UPDATE",
  "data": {
    "dataType": "object",
    "isArray": false,
    "keys": [
      "connection",
      "lastDisconnect"
    ]
  }
}
----
[2026-04-07T16:20:28.143Z]
{
  "action": "webhook_post_result",
  "url": "https://localhost/bebots/webhook/wapi",
  "instance": "5363511379",
  "type": "CONNECTION_UPDATE",
  "status": 200,
  "response": ""
}
----
[2026-04-07T16:20:32.547Z]
{
  "action": "webhook_post_start",
  "url": "https://localhost/bebots/webhook/wapi",
  "instance": "5363511379",
  "type": "CONNECTION_UPDATE",
  "data": {
    "dataType": "object",
    "isArray": false,
    "keys": [
      "isOnline"
    ]
  }
}
----
[2026-04-07T16:20:32.547Z]
{
  "action": "webhook_post_start",
  "url": "https://localhost/bebots/webhook/wapi",
  "instance": "5363511379",
  "type": "CONNECTION_UPDATE",
  "data": {
    "dataType": "object",
    "isArray": false,
    "keys": [
      "connection"
    ]
  }
}
----
[2026-04-07T16:20:32.599Z]
{
  "action": "webhook_post_result",
  "url": "https://localhost/bebots/webhook/wapi",
  "instance": "5363511379",
  "type": "CONNECTION_UPDATE",
  "status": 200,
  "response": ""
}
----
[2026-04-07T16:20:32.613Z]
{
  "action": "webhook_post_result",
  "url": "https://localhost/bebots/webhook/wapi",
  "instance": "5363511379",
  "type": "CONNECTION_UPDATE",
  "status": 200,
  "response": ""
}
----
[2026-04-07T16:20:32.656Z]
{
  "action": "webhook_post_start",
  "url": "https://localhost/bebots/webhook/wapi",
  "instance": "5363511379",
  "type": "CONNECTION_UPDATE",
  "data": {
    "dataType": "object",
    "isArray": false,
    "keys": [
      "receivedPendingNotifications"
    ]
  }
}
----
[2026-04-07T16:20:32.693Z]
{
  "action": "webhook_post_result",
  "url": "https://localhost/bebots/webhook/wapi",
  "instance": "5363511379",
  "type": "CONNECTION_UPDATE",
  "status": 200,
  "response": ""
}
----
[2026-04-07T16:20:41.845Z]
{
  "action": "webhook_post_start",
  "url": "https://localhost/bebots/webhook/wapi",
  "instance": "5363511379",
  "type": "CONNECTION_UPDATE",
  "data": {
    "dataType": "object",
    "isArray": false,
    "keys": [
      "connection",
      "receivedPendingNotifications",
      "qr"
    ]
  }
}
----
[2026-04-07T16:20:41.901Z]
{
  "action": "webhook_post_result",
  "url": "https://localhost/bebots/webhook/wapi",
  "instance": "5363511379",
  "type": "CONNECTION_UPDATE",
  "status": 200,
  "response": ""
}
----
[2026-04-07T16:20:43.896Z]
{
  "action": "webhook_post_start",
  "url": "https://localhost/bebots/webhook/wapi",
  "instance": "5363511379",
  "type": "CONNECTION_UPDATE",
  "data": {
    "dataType": "object",
    "isArray": false,
    "keys": [
      "connection",
      "lastDisconnect"
    ]
  }
}
----
[2026-04-07T16:20:43.953Z]
{
  "action": "webhook_post_result",
  "url": "https://localhost/bebots/webhook/wapi",
  "instance": "5363511379",
  "type": "CONNECTION_UPDATE",
  "status": 200,
  "response": ""
}
----
[2026-04-07T16:20:44.513Z]
{
  "action": "webhook_post_start",
  "url": "https://localhost/bebots/webhook/wapi",
  "instance": "5363511379",
  "type": "CONNECTION_UPDATE",
  "data": {
    "dataType": "object",
    "isArray": false,
    "keys": [
      "connection"
    ]
  }
}
----
[2026-04-07T16:20:44.513Z]
{
  "action": "webhook_post_start",
  "url": "https://localhost/bebots/webhook/wapi",
  "instance": "5363511379",
  "type": "CONNECTION_UPDATE",
  "data": {
    "dataType": "object",
    "isArray": false,
    "keys": [
      "isOnline"
    ]
  }
}
----
[2026-04-07T16:20:44.547Z]
{
  "action": "webhook_post_start",
  "url": "https://localhost/bebots/webhook/wapi",
  "instance": "5363511379",
  "type": "CONNECTION_UPDATE",
  "data": {
    "dataType": "object",
    "isArray": false,
    "keys": [
      "receivedPendingNotifications"
    ]
  }
}
----
[2026-04-07T16:20:44.577Z]
{
  "action": "webhook_post_result",
  "url": "https://localhost/bebots/webhook/wapi",
  "instance": "5363511379",
  "type": "CONNECTION_UPDATE",
  "status": 200,
  "response": ""
}
----
[2026-04-07T16:20:44.592Z]
{
  "action": "webhook_post_result",
  "url": "https://localhost/bebots/webhook/wapi",
  "instance": "5363511379",
  "type": "CONNECTION_UPDATE",
  "status": 200,
  "response": ""
}
----
[2026-04-07T16:20:44.607Z]
{
  "action": "webhook_post_result",
  "url": "https://localhost/bebots/webhook/wapi",
  "instance": "5363511379",
  "type": "CONNECTION_UPDATE",
  "status": 200,
  "response": ""
}
----
[2026-04-07T16:20:51.026Z]
{
  "action": "webhook_post_start",
  "url": "https://localhost/bebots/webhook/wapi",
  "instance": "5363511379",
  "type": "CONNECTION_UPDATE",
  "data": {
    "dataType": "object",
    "isArray": false,
    "keys": [
      "connection",
      "receivedPendingNotifications",
      "qr"
    ]
  }
}
----
[2026-04-07T16:20:51.084Z]
{
  "action": "webhook_post_result",
  "url": "https://localhost/bebots/webhook/wapi",
  "instance": "5363511379",
  "type": "CONNECTION_UPDATE",
  "status": 200,
  "response": ""
}
----
[2026-04-07T16:20:53.734Z]
{
  "action": "webhook_post_start",
  "url": "https://localhost/bebots/webhook/wapi",
  "instance": "5363511379",
  "type": "CONNECTION_UPDATE",
  "data": {
    "dataType": "object",
    "isArray": false,
    "keys": [
      "connection",
      "lastDisconnect"
    ]
  }
}
----
[2026-04-07T16:20:53.794Z]
{
  "action": "webhook_post_result",
  "url": "https://localhost/bebots/webhook/wapi",
  "instance": "5363511379",
  "type": "CONNECTION_UPDATE",
  "status": 200,
  "response": ""
}
----
[2026-04-07T16:20:54.813Z]
{
  "action": "webhook_post_start",
  "url": "https://localhost/bebots/webhook/wapi",
  "instance": "5363511379",
  "type": "CONNECTION_UPDATE",
  "data": {
    "dataType": "object",
    "isArray": false,
    "keys": [
      "isOnline"
    ]
  }
}
----
[2026-04-07T16:20:54.812Z]
{
  "action": "webhook_post_start",
  "url": "https://localhost/bebots/webhook/wapi",
  "instance": "5363511379",
  "type": "CONNECTION_UPDATE",
  "data": {
    "dataType": "object",
    "isArray": false,
    "keys": [
      "connection"
    ]
  }
}
----
[2026-04-07T16:20:54.850Z]
{
  "action": "webhook_post_start",
  "url": "https://localhost/bebots/webhook/wapi",
  "instance": "5363511379",
  "type": "CONNECTION_UPDATE",
  "data": {
    "dataType": "object",
    "isArray": false,
    "keys": [
      "receivedPendingNotifications"
    ]
  }
}
----
[2026-04-07T16:20:54.860Z]
{
  "action": "webhook_post_result",
  "url": "https://localhost/bebots/webhook/wapi",
  "instance": "5363511379",
  "type": "CONNECTION_UPDATE",
  "status": 200,
  "response": ""
}
----
[2026-04-07T16:20:54.862Z]
{
  "action": "webhook_post_result",
  "url": "https://localhost/bebots/webhook/wapi",
  "instance": "5363511379",
  "type": "CONNECTION_UPDATE",
  "status": 200,
  "response": ""
}
----
[2026-04-07T16:20:54.911Z]
{
  "action": "webhook_post_result",
  "url": "https://localhost/bebots/webhook/wapi",
  "instance": "5363511379",
  "type": "CONNECTION_UPDATE",
  "status": 200,
  "response": ""
}
----
[2026-04-07T16:21:00.470Z]
{
  "action": "webhook_post_start",
  "url": "https://localhost/bebots/webhook/wapi",
  "instance": "5363511379",
  "type": "CONNECTION_UPDATE",
  "data": {
    "dataType": "object",
    "isArray": false,
    "keys": [
      "connection",
      "receivedPendingNotifications",
      "qr"
    ]
  }
}
----
[2026-04-07T16:21:00.515Z]
{
  "action": "webhook_post_result",
  "url": "https://localhost/bebots/webhook/wapi",
  "instance": "5363511379",
  "type": "CONNECTION_UPDATE",
  "status": 200,
  "response": ""
}
----
[2026-04-07T16:21:02.569Z]
{
  "action": "webhook_post_start",
  "url": "https://localhost/bebots/webhook/wapi",
  "instance": "5363511379",
  "type": "CONNECTION_UPDATE",
  "data": {
    "dataType": "object",
    "isArray": false,
    "keys": [
      "connection",
      "lastDisconnect"
    ]
  }
}
----
[2026-04-07T16:21:02.618Z]
{
  "action": "webhook_post_result",
  "url": "https://localhost/bebots/webhook/wapi",
  "instance": "5363511379",
  "type": "CONNECTION_UPDATE",
  "status": 200,
  "response": ""
}
----
[2026-04-07T16:21:05.123Z]
{
  "action": "webhook_post_start",
  "url": "https://localhost/bebots/webhook/wapi",
  "instance": "5363511379",
  "type": "CONNECTION_UPDATE",
  "data": {
    "dataType": "object",
    "isArray": false,
    "keys": [
      "isOnline"
    ]
  }
}
----
[2026-04-07T16:21:05.123Z]
{
  "action": "webhook_post_start",
  "url": "https://localhost/bebots/webhook/wapi",
  "instance": "5363511379",
  "type": "CONNECTION_UPDATE",
  "data": {
    "dataType": "object",
    "isArray": false,
    "keys": [
      "connection"
    ]
  }
}
----
[2026-04-07T16:21:05.184Z]
{
  "action": "webhook_post_result",
  "url": "https://localhost/bebots/webhook/wapi",
  "instance": "5363511379",
  "type": "CONNECTION_UPDATE",
  "status": 200,
  "response": ""
}
----
[2026-04-07T16:21:05.185Z]
{
  "action": "webhook_post_result",
  "url": "https://localhost/bebots/webhook/wapi",
  "instance": "5363511379",
  "type": "CONNECTION_UPDATE",
  "status": 200,
  "response": ""
}
----
[2026-04-07T16:21:05.245Z]
{
  "action": "webhook_post_start",
  "url": "https://localhost/bebots/webhook/wapi",
  "instance": "5363511379",
  "type": "CONNECTION_UPDATE",
  "data": {
    "dataType": "object",
    "isArray": false,
    "keys": [
      "receivedPendingNotifications"
    ]
  }
}
----
[2026-04-07T16:21:05.293Z]
{
  "action": "webhook_post_result",
  "url": "https://localhost/bebots/webhook/wapi",
  "instance": "5363511379",
  "type": "CONNECTION_UPDATE",
  "status": 200,
  "response": ""
}
----
[2026-04-07T16:21:08.932Z]
{
  "action": "webhook_post_start",
  "url": "https://localhost/bebots/webhook/wapi",
  "instance": "5363511379",
  "type": "CONNECTION_UPDATE",
  "data": {
    "dataType": "object",
    "isArray": false,
    "keys": [
      "connection",
      "receivedPendingNotifications",
      "qr"
    ]
  }
}
----
[2026-04-07T16:21:08.996Z]
{
  "action": "webhook_post_result",
  "url": "https://localhost/bebots/webhook/wapi",
  "instance": "5363511379",
  "type": "CONNECTION_UPDATE",
  "status": 200,
  "response": ""
}
----
[2026-04-07T16:21:13.773Z]
{
  "action": "webhook_post_start",
  "url": "https://localhost/bebots/webhook/wapi",
  "instance": "5363511379",
  "type": "CONNECTION_UPDATE",
  "data": {
    "dataType": "object",
    "isArray": false,
    "keys": [
      "connection",
      "lastDisconnect"
    ]
  }
}
----
[2026-04-07T16:21:13.830Z]
{
  "action": "webhook_post_result",
  "url": "https://localhost/bebots/webhook/wapi",
  "instance": "5363511379",
  "type": "CONNECTION_UPDATE",
  "status": 200,
  "response": ""
}
----
[2026-04-07T16:21:18.699Z]
{
  "action": "webhook_post_start",
  "url": "https://localhost/bebots/webhook/wapi",
  "instance": "5363511379",
  "type": "CONNECTION_UPDATE",
  "data": {
    "dataType": "object",
    "isArray": false,
    "keys": [
      "connection"
    ]
  }
}
----
[2026-04-07T16:21:18.699Z]
{
  "action": "webhook_post_start",
  "url": "https://localhost/bebots/webhook/wapi",
  "instance": "5363511379",
  "type": "CONNECTION_UPDATE",
  "data": {
    "dataType": "object",
    "isArray": false,
    "keys": [
      "isOnline"
    ]
  }
}
----
[2026-04-07T16:21:18.783Z]
{
  "action": "webhook_post_start",
  "url": "https://localhost/bebots/webhook/wapi",
  "instance": "5363511379",
  "type": "CONNECTION_UPDATE",
  "data": {
    "dataType": "object",
    "isArray": false,
    "keys": [
      "receivedPendingNotifications"
    ]
  }
}
----
[2026-04-07T16:21:18.808Z]
{
  "action": "webhook_post_result",
  "url": "https://localhost/bebots/webhook/wapi",
  "instance": "5363511379",
  "type": "CONNECTION_UPDATE",
  "status": 200,
  "response": ""
}
----
[2026-04-07T16:21:18.809Z]
{
  "action": "webhook_post_result",
  "url": "https://localhost/bebots/webhook/wapi",
  "instance": "5363511379",
  "type": "CONNECTION_UPDATE",
  "status": 200,
  "response": ""
}
----
[2026-04-07T16:21:18.895Z]
{
  "action": "webhook_post_result",
  "url": "https://localhost/bebots/webhook/wapi",
  "instance": "5363511379",
  "type": "CONNECTION_UPDATE",
  "status": 200,
  "response": ""
}
----
[2026-04-07T16:21:24.516Z]
{
  "action": "webhook_post_start",
  "url": "https://localhost/bebots/webhook/wapi",
  "instance": "5363511379",
  "type": "CONNECTION_UPDATE",
  "data": {
    "dataType": "object",
    "isArray": false,
    "keys": [
      "connection",
      "receivedPendingNotifications",
      "qr"
    ]
  }
}
----
[2026-04-07T16:21:24.573Z]
{
  "action": "webhook_post_result",
  "url": "https://localhost/bebots/webhook/wapi",
  "instance": "5363511379",
  "type": "CONNECTION_UPDATE",
  "status": 200,
  "response": ""
}
----
[2026-04-07T16:21:27.192Z]
{
  "action": "webhook_post_start",
  "url": "https://localhost/bebots/webhook/wapi",
  "instance": "5363511379",
  "type": "CONNECTION_UPDATE",
  "data": {
    "dataType": "object",
    "isArray": false,
    "keys": [
      "connection",
      "lastDisconnect"
    ]
  }
}
----
[2026-04-07T16:21:27.252Z]
{
  "action": "webhook_post_result",
  "url": "https://localhost/bebots/webhook/wapi",
  "instance": "5363511379",
  "type": "CONNECTION_UPDATE",
  "status": 200,
  "response": ""
}
----
[2026-04-07T16:21:29.642Z]
{
  "action": "webhook_post_start",
  "url": "https://localhost/bebots/webhook/wapi",
  "instance": "5363511379",
  "type": "CONNECTION_UPDATE",
  "data": {
    "dataType": "object",
    "isArray": false,
    "keys": [
      "isOnline"
    ]
  }
}
----
[2026-04-07T16:21:29.643Z]
{
  "action": "webhook_post_start",
  "url": "https://localhost/bebots/webhook/wapi",
  "instance": "5363511379",
  "type": "CONNECTION_UPDATE",
  "data": {
    "dataType": "object",
    "isArray": false,
    "keys": [
      "connection"
    ]
  }
}
----
[2026-04-07T16:21:29.676Z]
{
  "action": "webhook_post_start",
  "url": "https://localhost/bebots/webhook/wapi",
  "instance": "5363511379",
  "type": "CONNECTION_UPDATE",
  "data": {
    "dataType": "object",
    "isArray": false,
    "keys": [
      "receivedPendingNotifications"
    ]
  }
}
----
[2026-04-07T16:21:29.702Z]
{
  "action": "webhook_post_result",
  "url": "https://localhost/bebots/webhook/wapi",
  "instance": "5363511379",
  "type": "CONNECTION_UPDATE",
  "status": 200,
  "response": ""
}
----
[2026-04-07T16:21:29.716Z]
{
  "action": "webhook_post_result",
  "url": "https://localhost/bebots/webhook/wapi",
  "instance": "5363511379",
  "type": "CONNECTION_UPDATE",
  "status": 200,
  "response": ""
}
----
[2026-04-07T16:21:29.719Z]
{
  "action": "webhook_post_result",
  "url": "https://localhost/bebots/webhook/wapi",
  "instance": "5363511379",
  "type": "CONNECTION_UPDATE",
  "status": 200,
  "response": ""
}
----
[2026-04-07T16:21:36.081Z]
{
  "action": "webhook_post_start",
  "url": "https://localhost/bebots/webhook/wapi",
  "instance": "5363511379",
  "type": "CONNECTION_UPDATE",
  "data": {
    "dataType": "object",
    "isArray": false,
    "keys": [
      "connection",
      "receivedPendingNotifications",
      "qr"
    ]
  }
}
----
[2026-04-07T16:21:36.148Z]
{
  "action": "webhook_post_result",
  "url": "https://localhost/bebots/webhook/wapi",
  "instance": "5363511379",
  "type": "CONNECTION_UPDATE",
  "status": 200,
  "response": ""
}
----
[2026-04-07T16:21:38.108Z]
{
  "action": "webhook_post_start",
  "url": "https://localhost/bebots/webhook/wapi",
  "instance": "5363511379",
  "type": "CONNECTION_UPDATE",
  "data": {
    "dataType": "object",
    "isArray": false,
    "keys": [
      "connection",
      "lastDisconnect"
    ]
  }
}
----
[2026-04-07T16:21:38.177Z]
{
  "action": "webhook_post_result",
  "url": "https://localhost/bebots/webhook/wapi",
  "instance": "5363511379",
  "type": "CONNECTION_UPDATE",
  "status": 200,
  "response": ""
}
----
[2026-04-07T16:21:46.794Z]
{
  "action": "webhook_post_start",
  "url": "https://localhost/bebots/webhook/wapi",
  "instance": "5363511379",
  "type": "CONNECTION_UPDATE",
  "data": {
    "dataType": "object",
    "isArray": false,
    "keys": [
      "isOnline"
    ]
  }
}
----
[2026-04-07T16:21:46.794Z]
{
  "action": "webhook_post_start",
  "url": "https://localhost/bebots/webhook/wapi",
  "instance": "5363511379",
  "type": "CONNECTION_UPDATE",
  "data": {
    "dataType": "object",
    "isArray": false,
    "keys": [
      "connection"
    ]
  }
}
----
[2026-04-07T16:21:46.794Z]
{
  "action": "webhook_post_start",
  "url": "https://localhost/bebots/webhook/wapi",
  "instance": "5363511379",
  "type": "CONNECTION_UPDATE",
  "data": {
    "dataType": "object",
    "isArray": false,
    "keys": [
      "receivedPendingNotifications"
    ]
  }
}
----
[2026-04-07T16:21:46.856Z]
{
  "action": "webhook_post_result",
  "url": "https://localhost/bebots/webhook/wapi",
  "instance": "5363511379",
  "type": "CONNECTION_UPDATE",
  "status": 200,
  "response": ""
}
----
[2026-04-07T16:21:46.864Z]
{
  "action": "webhook_post_result",
  "url": "https://localhost/bebots/webhook/wapi",
  "instance": "5363511379",
  "type": "CONNECTION_UPDATE",
  "status": 200,
  "response": ""
}
----
[2026-04-07T16:21:47.042Z]
{
  "action": "webhook_post_result",
  "url": "https://localhost/bebots/webhook/wapi",
  "instance": "5363511379",
  "type": "CONNECTION_UPDATE",
  "status": 200,
  "response": ""
}
----
[2026-04-07T16:21:53.809Z]
{
  "action": "webhook_post_start",
  "url": "https://localhost/bebots/webhook/wapi",
  "instance": "5363511379",
  "type": "CONNECTION_UPDATE",
  "data": {
    "dataType": "object",
    "isArray": false,
    "keys": [
      "connection",
      "receivedPendingNotifications",
      "qr"
    ]
  }
}
----
[2026-04-07T16:21:53.852Z]
{
  "action": "webhook_post_result",
  "url": "https://localhost/bebots/webhook/wapi",
  "instance": "5363511379",
  "type": "CONNECTION_UPDATE",
  "status": 200,
  "response": ""
}
----
[2026-04-07T16:22:33.632Z]
{
  "action": "webhook_post_start",
  "url": "https://localhost/bebots/webhook/wapi",
  "instance": "5363511379",
  "type": "CONNECTION_UPDATE",
  "data": {
    "dataType": "object",
    "isArray": false,
    "keys": [
      "connection",
      "lastDisconnect"
    ]
  }
}
----
[2026-04-07T16:22:33.730Z]
{
  "action": "webhook_post_result",
  "url": "https://localhost/bebots/webhook/wapi",
  "instance": "5363511379",
  "type": "CONNECTION_UPDATE",
  "status": 200,
  "response": ""
}
----
[2026-04-07T16:22:50.765Z]
{
  "action": "webhook_post_start",
  "url": "https://localhost/bebots/webhook/wapi",
  "instance": "5363511379",
  "type": "CONNECTION_UPDATE",
  "data": {
    "dataType": "object",
    "isArray": false,
    "keys": [
      "connection",
      "receivedPendingNotifications",
      "qr"
    ]
  }
}
----
[2026-04-07T16:22:50.830Z]
{
  "action": "webhook_post_result",
  "url": "https://localhost/bebots/webhook/wapi",
  "instance": "5363511379",
  "type": "CONNECTION_UPDATE",
  "status": 200,
  "response": ""
}
----
[2026-04-07T16:23:00.752Z]
{
  "action": "webhook_post_start",
  "url": "https://localhost/bebots/webhook/wapi",
  "instance": "5363511379",
  "type": "CONNECTION_UPDATE",
  "data": {
    "dataType": "object",
    "isArray": false,
    "keys": [
      "connection",
      "lastDisconnect"
    ]
  }
}
----
[2026-04-07T16:23:00.826Z]
{
  "action": "webhook_post_result",
  "url": "https://localhost/bebots/webhook/wapi",
  "instance": "5363511379",
  "type": "CONNECTION_UPDATE",
  "status": 200,
  "response": ""
}
----
[2026-04-07T16:23:06.475Z]
{
  "action": "webhook_post_start",
  "url": "https://localhost/bebots/webhook/wapi",
  "instance": "5363511379",
  "type": "CONNECTION_UPDATE",
  "data": {
    "dataType": "object",
    "isArray": false,
    "keys": [
      "isOnline"
    ]
  }
}
----
[2026-04-07T16:23:06.475Z]
{
  "action": "webhook_post_start",
  "url": "https://localhost/bebots/webhook/wapi",
  "instance": "5363511379",
  "type": "CONNECTION_UPDATE",
  "data": {
    "dataType": "object",
    "isArray": false,
    "keys": [
      "connection"
    ]
  }
}
----
[2026-04-07T16:23:06.475Z]
{
  "action": "webhook_post_start",
  "url": "https://localhost/bebots/webhook/wapi",
  "instance": "5363511379",
  "type": "CONNECTION_UPDATE",
  "data": {
    "dataType": "object",
    "isArray": false,
    "keys": [
      "receivedPendingNotifications"
    ]
  }
}
----
[2026-04-07T16:23:06.541Z]
{
  "action": "webhook_post_result",
  "url": "https://localhost/bebots/webhook/wapi",
  "instance": "5363511379",
  "type": "CONNECTION_UPDATE",
  "status": 200,
  "response": ""
}
----
[2026-04-07T16:23:06.544Z]
{
  "action": "webhook_post_result",
  "url": "https://localhost/bebots/webhook/wapi",
  "instance": "5363511379",
  "type": "CONNECTION_UPDATE",
  "status": 200,
  "response": ""
}
----
[2026-04-07T16:23:06.547Z]
{
  "action": "webhook_post_result",
  "url": "https://localhost/bebots/webhook/wapi",
  "instance": "5363511379",
  "type": "CONNECTION_UPDATE",
  "status": 200,
  "response": ""
}
----
[2026-04-07T16:23:07.411Z]
{
  "action": "webhook_post_start",
  "url": "https://localhost/bebots/webhook/wapi",
  "instance": "5363511379",
  "type": "CHATS_UPDATE",
  "data": {
    "dataType": "object",
    "isArray": true,
    "length": 1,
    "firstKeys": [
      "id",
      "tcToken"
    ]
  }
}
----
[2026-04-07T16:23:07.411Z]
{
  "action": "webhook_post_start",
  "url": "https://localhost/bebots/webhook/wapi",
  "instance": "5363511379",
  "type": "CONTACTS_UPDATE",
  "data": {
    "dataType": "object",
    "isArray": true,
    "length": 1,
    "firstKeys": [
      "id",
      "notify",
      "verifiedName"
    ]
  }
}
----
[2026-04-07T16:23:07.411Z]
{
  "action": "webhook_post_start",
  "url": "https://localhost/bebots/webhook/wapi",
  "instance": "5363511379",
  "type": "MESSAGES_UPSERT",
  "data": {
    "dataType": "object",
    "isArray": true,
    "length": 1,
    "firstKeys": []
  }
}
----
[2026-04-07T16:23:07.465Z]
{
  "action": "webhook_post_result",
  "url": "https://localhost/bebots/webhook/wapi",
  "instance": "5363511379",
  "type": "CHATS_UPDATE",
  "status": 200,
  "response": ""
}
----
[2026-04-07T16:23:07.475Z]
{
  "action": "webhook_post_result",
  "url": "https://localhost/bebots/webhook/wapi",
  "instance": "5363511379",
  "type": "MESSAGES_UPSERT",
  "status": 200,
  "response": ""
}
----
[2026-04-07T16:23:07.502Z]
{
  "action": "webhook_post_result",
  "url": "https://localhost/bebots/webhook/wapi",
  "instance": "5363511379",
  "type": "CONTACTS_UPDATE",
  "status": 200,
  "response": ""
}
----
[2026-04-07T16:23:12.002Z]
{
  "action": "webhook_post_start",
  "url": "https://localhost/bebots/webhook/wapi",
  "instance": "5363511379",
  "type": "CONNECTION_UPDATE",
  "data": {
    "dataType": "object",
    "isArray": false,
    "keys": [
      "connection",
      "receivedPendingNotifications",
      "qr"
    ]
  }
}
----
[2026-04-07T16:23:12.056Z]
{
  "action": "webhook_post_result",
  "url": "https://localhost/bebots/webhook/wapi",
  "instance": "5363511379",
  "type": "CONNECTION_UPDATE",
  "status": 200,
  "response": ""
}
----
[2026-04-07T16:23:13.258Z]
{
  "action": "webhook_post_start",
  "url": "https://localhost/bebots/webhook/wapi",
  "instance": "5363511379",
  "type": "CONTACTS_UPDATE",
  "data": {
    "dataType": "object",
    "isArray": true,
    "length": 1,
    "firstKeys": [
      "id",
      "notify",
      "verifiedName"
    ]
  }
}
----
[2026-04-07T16:23:13.258Z]
{
  "action": "webhook_post_start",
  "url": "https://localhost/bebots/webhook/wapi",
  "instance": "5363511379",
  "type": "MESSAGES_UPSERT",
  "data": {
    "dataType": "object",
    "isArray": true,
    "length": 1,
    "firstKeys": [
      "key",
      "messageTimestamp",
      "pushName",
      "broadcast",
      "verifiedBizName",
      "message"
    ],
    "firstMessageKeys": [
      "conversation",
      "messageContextInfo"
    ]
  }
}
----
[2026-04-07T16:23:13.258Z]
{
  "action": "webhook_post_start",
  "url": "https://localhost/bebots/webhook/wapi",
  "instance": "5363511379",
  "type": "CHATS_UPDATE",
  "data": {
    "dataType": "object",
    "isArray": true,
    "length": 1,
    "firstKeys": [
      "id",
      "messages",
      "conversationTimestamp",
      "unreadCount"
    ]
  }
}
----
[2026-04-07T16:23:13.334Z]
{
  "action": "webhook_post_result",
  "url": "https://localhost/bebots/webhook/wapi",
  "instance": "5363511379",
  "type": "CONTACTS_UPDATE",
  "status": 200,
  "response": ""
}
----
[2026-04-07T16:23:13.341Z]
{
  "action": "webhook_post_result",
  "url": "https://localhost/bebots/webhook/wapi",
  "instance": "5363511379",
  "type": "MESSAGES_UPSERT",
  "status": 200,
  "response": ""
}
----
[2026-04-07T16:23:13.343Z]
{
  "action": "webhook_post_result",
  "url": "https://localhost/bebots/webhook/wapi",
  "instance": "5363511379",
  "type": "CHATS_UPDATE",
  "status": 200,
  "response": ""
}
----
[2026-04-07T16:23:17.939Z]
{
  "action": "webhook_post_start",
  "url": "https://localhost/bebots/webhook/wapi",
  "instance": "5363511379",
  "type": "CHATS_UPDATE",
  "data": {
    "dataType": "object",
    "isArray": true,
    "length": 1,
    "firstKeys": [
      "id",
      "tcToken"
    ]
  }
}
----
[2026-04-07T16:23:17.982Z]
{
  "action": "webhook_post_result",
  "url": "https://localhost/bebots/webhook/wapi",
  "instance": "5363511379",
  "type": "CHATS_UPDATE",
  "status": 200,
  "response": ""
}
----
[2026-04-07T16:23:19.085Z]
{
  "action": "webhook_post_start",
  "url": "https://localhost/bebots/webhook/wapi",
  "instance": "5363511379",
  "type": "CONNECTION_UPDATE",
  "data": {
    "dataType": "object",
    "isArray": false,
    "keys": [
      "connection",
      "lastDisconnect"
    ]
  }
}
----
[2026-04-07T16:23:19.143Z]
{
  "action": "webhook_post_result",
  "url": "https://localhost/bebots/webhook/wapi",
  "instance": "5363511379",
  "type": "CONNECTION_UPDATE",
  "status": 200,
  "response": ""
}
----
[2026-04-07T16:23:21.433Z]
{
  "action": "webhook_post_start",
  "url": "https://localhost/bebots/webhook/wapi",
  "instance": "5363511379",
  "type": "CONNECTION_UPDATE",
  "data": {
    "dataType": "object",
    "isArray": false,
    "keys": [
      "isOnline"
    ]
  }
}
----
[2026-04-07T16:23:21.434Z]
{
  "action": "webhook_post_start",
  "url": "https://localhost/bebots/webhook/wapi",
  "instance": "5363511379",
  "type": "CHATS_UPDATE",
  "data": {
    "dataType": "object",
    "isArray": true,
    "length": 1,
    "firstKeys": [
      "id",
      "tcToken"
    ]
  }
}
----
[2026-04-07T16:23:21.434Z]
{
  "action": "webhook_post_start",
  "url": "https://localhost/bebots/webhook/wapi",
  "instance": "5363511379",
  "type": "CONNECTION_UPDATE",
  "data": {
    "dataType": "object",
    "isArray": false,
    "keys": [
      "receivedPendingNotifications"
    ]
  }
}
----
[2026-04-07T16:23:21.434Z]
{
  "action": "webhook_post_start",
  "url": "https://localhost/bebots/webhook/wapi",
  "instance": "5363511379",
  "type": "CONNECTION_UPDATE",
  "data": {
    "dataType": "object",
    "isArray": false,
    "keys": [
      "connection"
    ]
  }
}
----
[2026-04-07T16:23:21.486Z]
{
  "action": "webhook_post_result",
  "url": "https://localhost/bebots/webhook/wapi",
  "instance": "5363511379",
  "type": "CONNECTION_UPDATE",
  "status": 200,
  "response": ""
}
----
[2026-04-07T16:23:21.494Z]
{
  "action": "webhook_post_result",
  "url": "https://localhost/bebots/webhook/wapi",
  "instance": "5363511379",
  "type": "CONNECTION_UPDATE",
  "status": 200,
  "response": ""
}
----
[2026-04-07T16:23:21.509Z]
{
  "action": "webhook_post_result",
  "url": "https://localhost/bebots/webhook/wapi",
  "instance": "5363511379",
  "type": "CONNECTION_UPDATE",
  "status": 200,
  "response": ""
}
----
[2026-04-07T16:23:21.518Z]
{
  "action": "webhook_post_result",
  "url": "https://localhost/bebots/webhook/wapi",
  "instance": "5363511379",
  "type": "CHATS_UPDATE",
  "status": 200,
  "response": ""
}
----
[2026-04-07T16:23:29.886Z]
{
  "action": "webhook_post_start",
  "url": "https://localhost/bebots/webhook/wapi",
  "instance": "5363511379",
  "type": "CONNECTION_UPDATE",
  "data": {
    "dataType": "object",
    "isArray": false,
    "keys": [
      "connection",
      "receivedPendingNotifications",
      "qr"
    ]
  }
}
----
[2026-04-07T16:23:29.952Z]
{
  "action": "webhook_post_result",
  "url": "https://localhost/bebots/webhook/wapi",
  "instance": "5363511379",
  "type": "CONNECTION_UPDATE",
  "status": 200,
  "response": ""
}
----
[2026-04-07T16:23:34.661Z]
{
  "action": "webhook_post_start",
  "url": "https://localhost/bebots/webhook/wapi",
  "instance": "5363511379",
  "type": "CONNECTION_UPDATE",
  "data": {
    "dataType": "object",
    "isArray": false,
    "keys": [
      "connection",
      "lastDisconnect"
    ]
  }
}
----
[2026-04-07T16:23:34.727Z]
{
  "action": "webhook_post_result",
  "url": "https://localhost/bebots/webhook/wapi",
  "instance": "5363511379",
  "type": "CONNECTION_UPDATE",
  "status": 200,
  "response": ""
}
----
[2026-04-07T16:23:37.244Z]
{
  "action": "webhook_post_start",
  "url": "https://localhost/bebots/webhook/wapi",
  "instance": "5363511379",
  "type": "CONNECTION_UPDATE",
  "data": {
    "dataType": "object",
    "isArray": false,
    "keys": [
      "isOnline"
    ]
  }
}
----
[2026-04-07T16:23:37.244Z]
{
  "action": "webhook_post_start",
  "url": "https://localhost/bebots/webhook/wapi",
  "instance": "5363511379",
  "type": "CONNECTION_UPDATE",
  "data": {
    "dataType": "object",
    "isArray": false,
    "keys": [
      "connection"
    ]
  }
}
----
[2026-04-07T16:23:37.292Z]
{
  "action": "webhook_post_result",
  "url": "https://localhost/bebots/webhook/wapi",
  "instance": "5363511379",
  "type": "CONNECTION_UPDATE",
  "status": 200,
  "response": ""
}
----
[2026-04-07T16:23:37.303Z]
{
  "action": "webhook_post_result",
  "url": "https://localhost/bebots/webhook/wapi",
  "instance": "5363511379",
  "type": "CONNECTION_UPDATE",
  "status": 200,
  "response": ""
}
----
[2026-04-07T16:23:37.350Z]
{
  "action": "webhook_post_start",
  "url": "https://localhost/bebots/webhook/wapi",
  "instance": "5363511379",
  "type": "CONNECTION_UPDATE",
  "data": {
    "dataType": "object",
    "isArray": false,
    "keys": [
      "receivedPendingNotifications"
    ]
  }
}
----
[2026-04-07T16:23:37.413Z]
{
  "action": "webhook_post_result",
  "url": "https://localhost/bebots/webhook/wapi",
  "instance": "5363511379",
  "type": "CONNECTION_UPDATE",
  "status": 200,
  "response": ""
}
----
[2026-04-07T16:23:42.026Z]
{
  "action": "webhook_post_start",
  "url": "https://localhost/bebots/webhook/wapi",
  "instance": "5363511379",
  "type": "CONNECTION_UPDATE",
  "data": {
    "dataType": "object",
    "isArray": false,
    "keys": [
      "connection",
      "receivedPendingNotifications",
      "qr"
    ]
  }
}
----
[2026-04-07T16:23:42.086Z]
{
  "action": "webhook_post_result",
  "url": "https://localhost/bebots/webhook/wapi",
  "instance": "5363511379",
  "type": "CONNECTION_UPDATE",
  "status": 200,
  "response": ""
}
----
[2026-04-07T16:23:47.213Z]
{
  "action": "webhook_post_start",
  "url": "https://localhost/bebots/webhook/wapi",
  "instance": "5363511379",
  "type": "CONNECTION_UPDATE",
  "data": {
    "dataType": "object",
    "isArray": false,
    "keys": [
      "connection",
      "lastDisconnect"
    ]
  }
}
----
[2026-04-07T16:23:47.277Z]
{
  "action": "webhook_post_result",
  "url": "https://localhost/bebots/webhook/wapi",
  "instance": "5363511379",
  "type": "CONNECTION_UPDATE",
  "status": 200,
  "response": ""
}
----
[2026-04-07T16:23:49.805Z]
{
  "action": "webhook_post_start",
  "url": "https://localhost/bebots/webhook/wapi",
  "instance": "5363511379",
  "type": "CONNECTION_UPDATE",
  "data": {
    "dataType": "object",
    "isArray": false,
    "keys": [
      "connection"
    ]
  }
}
----
[2026-04-07T16:23:49.805Z]
{
  "action": "webhook_post_start",
  "url": "https://localhost/bebots/webhook/wapi",
  "instance": "5363511379",
  "type": "CONNECTION_UPDATE",
  "data": {
    "dataType": "object",
    "isArray": false,
    "keys": [
      "isOnline"
    ]
  }
}
----
[2026-04-07T16:23:49.866Z]
{
  "action": "webhook_post_result",
  "url": "https://localhost/bebots/webhook/wapi",
  "instance": "5363511379",
  "type": "CONNECTION_UPDATE",
  "status": 200,
  "response": ""
}
----
[2026-04-07T16:23:49.876Z]
{
  "action": "webhook_post_start",
  "url": "https://localhost/bebots/webhook/wapi",
  "instance": "5363511379",
  "type": "CONNECTION_UPDATE",
  "data": {
    "dataType": "object",
    "isArray": false,
    "keys": [
      "receivedPendingNotifications"
    ]
  }
}
----
[2026-04-07T16:23:49.880Z]
{
  "action": "webhook_post_result",
  "url": "https://localhost/bebots/webhook/wapi",
  "instance": "5363511379",
  "type": "CONNECTION_UPDATE",
  "status": 200,
  "response": ""
}
----
[2026-04-07T16:23:49.929Z]
{
  "action": "webhook_post_result",
  "url": "https://localhost/bebots/webhook/wapi",
  "instance": "5363511379",
  "type": "CONNECTION_UPDATE",
  "status": 200,
  "response": ""
}
----
[2026-04-07T16:23:54.808Z]
{
  "action": "webhook_post_start",
  "url": "https://localhost/bebots/webhook/wapi",
  "instance": "5363511379",
  "type": "CONNECTION_UPDATE",
  "data": {
    "dataType": "object",
    "isArray": false,
    "keys": [
      "connection",
      "receivedPendingNotifications",
      "qr"
    ]
  }
}
----
[2026-04-07T16:23:54.867Z]
{
  "action": "webhook_post_result",
  "url": "https://localhost/bebots/webhook/wapi",
  "instance": "5363511379",
  "type": "CONNECTION_UPDATE",
  "status": 200,
  "response": ""
}
----
[2026-04-07T16:23:59.785Z]
{
  "action": "webhook_post_start",
  "url": "https://localhost/bebots/webhook/wapi",
  "instance": "5363511379",
  "type": "CONNECTION_UPDATE",
  "data": {
    "dataType": "object",
    "isArray": false,
    "keys": [
      "connection",
      "lastDisconnect"
    ]
  }
}
----
[2026-04-07T16:23:59.847Z]
{
  "action": "webhook_post_result",
  "url": "https://localhost/bebots/webhook/wapi",
  "instance": "5363511379",
  "type": "CONNECTION_UPDATE",
  "status": 200,
  "response": ""
}
----
[2026-04-07T16:24:01.774Z]
{
  "action": "webhook_post_start",
  "url": "https://localhost/bebots/webhook/wapi",
  "instance": "5363511379",
  "type": "CONNECTION_UPDATE",
  "data": {
    "dataType": "object",
    "isArray": false,
    "keys": [
      "isOnline"
    ]
  }
}
----
[2026-04-07T16:24:01.774Z]
{
  "action": "webhook_post_start",
  "url": "https://localhost/bebots/webhook/wapi",
  "instance": "5363511379",
  "type": "CONNECTION_UPDATE",
  "data": {
    "dataType": "object",
    "isArray": false,
    "keys": [
      "connection"
    ]
  }
}
----
[2026-04-07T16:24:01.829Z]
{
  "action": "webhook_post_result",
  "url": "https://localhost/bebots/webhook/wapi",
  "instance": "5363511379",
  "type": "CONNECTION_UPDATE",
  "status": 200,
  "response": ""
}
----
[2026-04-07T16:24:01.834Z]
{
  "action": "webhook_post_result",
  "url": "https://localhost/bebots/webhook/wapi",
  "instance": "5363511379",
  "type": "CONNECTION_UPDATE",
  "status": 200,
  "response": ""
}
----
[2026-04-07T16:24:01.852Z]
{
  "action": "webhook_post_start",
  "url": "https://localhost/bebots/webhook/wapi",
  "instance": "5363511379",
  "type": "CONNECTION_UPDATE",
  "data": {
    "dataType": "object",
    "isArray": false,
    "keys": [
      "receivedPendingNotifications"
    ]
  }
}
----
[2026-04-07T16:24:01.912Z]
{
  "action": "webhook_post_result",
  "url": "https://localhost/bebots/webhook/wapi",
  "instance": "5363511379",
  "type": "CONNECTION_UPDATE",
  "status": 200,
  "response": ""
}
----
[2026-04-07T16:24:07.034Z]
{
  "action": "webhook_post_start",
  "url": "https://localhost/bebots/webhook/wapi",
  "instance": "5363511379",
  "type": "CONNECTION_UPDATE",
  "data": {
    "dataType": "object",
    "isArray": false,
    "keys": [
      "connection",
      "receivedPendingNotifications",
      "qr"
    ]
  }
}
----
[2026-04-07T16:24:07.089Z]
{
  "action": "webhook_post_result",
  "url": "https://localhost/bebots/webhook/wapi",
  "instance": "5363511379",
  "type": "CONNECTION_UPDATE",
  "status": 200,
  "response": ""
}
----
[2026-04-07T16:24:10.669Z]
{
  "action": "webhook_post_start",
  "url": "https://localhost/bebots/webhook/wapi",
  "instance": "5363511379",
  "type": "CONNECTION_UPDATE",
  "data": {
    "dataType": "object",
    "isArray": false,
    "keys": [
      "connection",
      "lastDisconnect"
    ]
  }
}
----
[2026-04-07T16:24:10.766Z]
{
  "action": "webhook_post_result",
  "url": "https://localhost/bebots/webhook/wapi",
  "instance": "5363511379",
  "type": "CONNECTION_UPDATE",
  "status": 200,
  "response": ""
}
----
[2026-04-07T16:24:11.524Z]
{
  "action": "webhook_post_start",
  "url": "https://localhost/bebots/webhook/wapi",
  "instance": "5363511379",
  "type": "CONNECTION_UPDATE",
  "data": {
    "dataType": "object",
    "isArray": false,
    "keys": [
      "isOnline"
    ]
  }
}
----
[2026-04-07T16:24:11.524Z]
{
  "action": "webhook_post_start",
  "url": "https://localhost/bebots/webhook/wapi",
  "instance": "5363511379",
  "type": "CONNECTION_UPDATE",
  "data": {
    "dataType": "object",
    "isArray": false,
    "keys": [
      "connection"
    ]
  }
}
----
[2026-04-07T16:24:11.524Z]
{
  "action": "webhook_post_start",
  "url": "https://localhost/bebots/webhook/wapi",
  "instance": "5363511379",
  "type": "CONNECTION_UPDATE",
  "data": {
    "dataType": "object",
    "isArray": false,
    "keys": [
      "receivedPendingNotifications"
    ]
  }
}
----
[2026-04-07T16:24:11.642Z]
{
  "action": "webhook_post_result",
  "url": "https://localhost/bebots/webhook/wapi",
  "instance": "5363511379",
  "type": "CONNECTION_UPDATE",
  "status": 200,
  "response": ""
}
----
[2026-04-07T16:24:11.651Z]
{
  "action": "webhook_post_result",
  "url": "https://localhost/bebots/webhook/wapi",
  "instance": "5363511379",
  "type": "CONNECTION_UPDATE",
  "status": 200,
  "response": ""
}
----
[2026-04-07T16:24:11.679Z]
{
  "action": "webhook_post_result",
  "url": "https://localhost/bebots/webhook/wapi",
  "instance": "5363511379",
  "type": "CONNECTION_UPDATE",
  "status": 200,
  "response": ""
}
----
[2026-04-07T16:24:16.267Z]
{
  "action": "webhook_post_start",
  "url": "https://localhost/bebots/webhook/wapi",
  "instance": "5363511379",
  "type": "CONNECTION_UPDATE",
  "data": {
    "dataType": "object",
    "isArray": false,
    "keys": [
      "connection",
      "receivedPendingNotifications",
      "qr"
    ]
  }
}
----
[2026-04-07T16:24:16.310Z]
{
  "action": "webhook_post_result",
  "url": "https://localhost/bebots/webhook/wapi",
  "instance": "5363511379",
  "type": "CONNECTION_UPDATE",
  "status": 200,
  "response": ""
}
----
[2026-04-07T16:24:17.993Z]
{
  "action": "webhook_post_start",
  "url": "https://localhost/bebots/webhook/wapi",
  "instance": "5363511379",
  "type": "CONNECTION_UPDATE",
  "data": {
    "dataType": "object",
    "isArray": false,
    "keys": [
      "connection",
      "lastDisconnect"
    ]
  }
}
----
[2026-04-07T16:24:18.062Z]
{
  "action": "webhook_post_result",
  "url": "https://localhost/bebots/webhook/wapi",
  "instance": "5363511379",
  "type": "CONNECTION_UPDATE",
  "status": 200,
  "response": ""
}
----
[2026-04-07T16:24:19.631Z]
{
  "action": "webhook_post_start",
  "url": "https://localhost/bebots/webhook/wapi",
  "instance": "5363511379",
  "type": "CONNECTION_UPDATE",
  "data": {
    "dataType": "object",
    "isArray": false,
    "keys": [
      "isOnline"
    ]
  }
}
----
[2026-04-07T16:24:19.631Z]
{
  "action": "webhook_post_start",
  "url": "https://localhost/bebots/webhook/wapi",
  "instance": "5363511379",
  "type": "CONNECTION_UPDATE",
  "data": {
    "dataType": "object",
    "isArray": false,
    "keys": [
      "connection"
    ]
  }
}
----
[2026-04-07T16:24:19.710Z]
{
  "action": "webhook_post_result",
  "url": "https://localhost/bebots/webhook/wapi",
  "instance": "5363511379",
  "type": "CONNECTION_UPDATE",
  "status": 200,
  "response": ""
}
----
[2026-04-07T16:24:19.712Z]
{
  "action": "webhook_post_result",
  "url": "https://localhost/bebots/webhook/wapi",
  "instance": "5363511379",
  "type": "CONNECTION_UPDATE",
  "status": 200,
  "response": ""
}
----
[2026-04-07T16:24:19.762Z]
{
  "action": "webhook_post_start",
  "url": "https://localhost/bebots/webhook/wapi",
  "instance": "5363511379",
  "type": "CONNECTION_UPDATE",
  "data": {
    "dataType": "object",
    "isArray": false,
    "keys": [
      "receivedPendingNotifications"
    ]
  }
}
----
[2026-04-07T16:24:19.850Z]
{
  "action": "webhook_post_result",
  "url": "https://localhost/bebots/webhook/wapi",
  "instance": "5363511379",
  "type": "CONNECTION_UPDATE",
  "status": 200,
  "response": ""
}
----
[2026-04-07T16:24:24.609Z]
{
  "action": "webhook_post_start",
  "url": "https://localhost/bebots/webhook/wapi",
  "instance": "5363511379",
  "type": "CONNECTION_UPDATE",
  "data": {
    "dataType": "object",
    "isArray": false,
    "keys": [
      "connection",
      "receivedPendingNotifications",
      "qr"
    ]
  }
}
----
[2026-04-07T16:24:24.691Z]
{
  "action": "webhook_post_result",
  "url": "https://localhost/bebots/webhook/wapi",
  "instance": "5363511379",
  "type": "CONNECTION_UPDATE",
  "status": 200,
  "response": ""
}
----
[2026-04-07T16:24:28.511Z]
{
  "action": "webhook_post_start",
  "url": "https://localhost/bebots/webhook/wapi",
  "instance": "5363511379",
  "type": "CONNECTION_UPDATE",
  "data": {
    "dataType": "object",
    "isArray": false,
    "keys": [
      "connection",
      "lastDisconnect"
    ]
  }
}
----
[2026-04-07T16:24:28.590Z]
{
  "action": "webhook_post_result",
  "url": "https://localhost/bebots/webhook/wapi",
  "instance": "5363511379",
  "type": "CONNECTION_UPDATE",
  "status": 200,
  "response": ""
}
----
[2026-04-07T16:24:32.340Z]
{
  "action": "webhook_post_start",
  "url": "https://localhost/bebots/webhook/wapi",
  "instance": "5363511379",
  "type": "CONNECTION_UPDATE",
  "data": {
    "dataType": "object",
    "isArray": false,
    "keys": [
      "connection"
    ]
  }
}
----
[2026-04-07T16:24:32.340Z]
{
  "action": "webhook_post_start",
  "url": "https://localhost/bebots/webhook/wapi",
  "instance": "5363511379",
  "type": "CONNECTION_UPDATE",
  "data": {
    "dataType": "object",
    "isArray": false,
    "keys": [
      "isOnline"
    ]
  }
}
----
[2026-04-07T16:24:32.369Z]
{
  "action": "webhook_post_start",
  "url": "https://localhost/bebots/webhook/wapi",
  "instance": "5363511379",
  "type": "CONNECTION_UPDATE",
  "data": {
    "dataType": "object",
    "isArray": false,
    "keys": [
      "receivedPendingNotifications"
    ]
  }
}
----
[2026-04-07T16:24:32.482Z]
{
  "action": "webhook_post_result",
  "url": "https://localhost/bebots/webhook/wapi",
  "instance": "5363511379",
  "type": "CONNECTION_UPDATE",
  "status": 200,
  "response": ""
}
----
[2026-04-07T16:24:32.487Z]
{
  "action": "webhook_post_result",
  "url": "https://localhost/bebots/webhook/wapi",
  "instance": "5363511379",
  "type": "CONNECTION_UPDATE",
  "status": 200,
  "response": ""
}
----
[2026-04-07T16:24:32.490Z]
{
  "action": "webhook_post_result",
  "url": "https://localhost/bebots/webhook/wapi",
  "instance": "5363511379",
  "type": "CONNECTION_UPDATE",
  "status": 200,
  "response": ""
}
----
[2026-04-07T16:24:36.469Z]
{
  "action": "webhook_post_start",
  "url": "https://localhost/bebots/webhook/wapi",
  "instance": "5363511379",
  "type": "CONNECTION_UPDATE",
  "data": {
    "dataType": "object",
    "isArray": false,
    "keys": [
      "connection",
      "receivedPendingNotifications",
      "qr"
    ]
  }
}
----
[2026-04-07T16:24:36.547Z]
{
  "action": "webhook_post_result",
  "url": "https://localhost/bebots/webhook/wapi",
  "instance": "5363511379",
  "type": "CONNECTION_UPDATE",
  "status": 200,
  "response": ""
}
----
[2026-04-07T16:24:41.868Z]
{
  "action": "webhook_post_start",
  "url": "https://localhost/bebots/webhook/wapi",
  "instance": "5363511379",
  "type": "CONNECTION_UPDATE",
  "data": {
    "dataType": "object",
    "isArray": false,
    "keys": [
      "connection",
      "lastDisconnect"
    ]
  }
}
----
[2026-04-07T16:24:41.973Z]
{
  "action": "webhook_post_result",
  "url": "https://localhost/bebots/webhook/wapi",
  "instance": "5363511379",
  "type": "CONNECTION_UPDATE",
  "status": 200,
  "response": ""
}
----
[2026-04-07T16:24:48.517Z]
{
  "action": "webhook_post_start",
  "url": "https://localhost/bebots/webhook/wapi",
  "instance": "5363511379",
  "type": "CONNECTION_UPDATE",
  "data": {
    "dataType": "object",
    "isArray": false,
    "keys": [
      "isOnline"
    ]
  }
}
----
[2026-04-07T16:24:48.517Z]
{
  "action": "webhook_post_start",
  "url": "https://localhost/bebots/webhook/wapi",
  "instance": "5363511379",
  "type": "CONNECTION_UPDATE",
  "data": {
    "dataType": "object",
    "isArray": false,
    "keys": [
      "connection"
    ]
  }
}
----
[2026-04-07T16:24:48.517Z]
{
  "action": "webhook_post_start",
  "url": "https://localhost/bebots/webhook/wapi",
  "instance": "5363511379",
  "type": "CONNECTION_UPDATE",
  "data": {
    "dataType": "object",
    "isArray": false,
    "keys": [
      "receivedPendingNotifications"
    ]
  }
}
----
[2026-04-07T16:24:48.615Z]
{
  "action": "webhook_post_result",
  "url": "https://localhost/bebots/webhook/wapi",
  "instance": "5363511379",
  "type": "CONNECTION_UPDATE",
  "status": 200,
  "response": ""
}
----
[2026-04-07T16:24:48.618Z]
{
  "action": "webhook_post_result",
  "url": "https://localhost/bebots/webhook/wapi",
  "instance": "5363511379",
  "type": "CONNECTION_UPDATE",
  "status": 200,
  "response": ""
}
----
[2026-04-07T16:24:48.623Z]
{
  "action": "webhook_post_result",
  "url": "https://localhost/bebots/webhook/wapi",
  "instance": "5363511379",
  "type": "CONNECTION_UPDATE",
  "status": 200,
  "response": ""
}
----
[2026-04-07T16:24:52.726Z]
{
  "action": "webhook_post_start",
  "url": "https://localhost/bebots/webhook/wapi",
  "instance": "5363511379",
  "type": "CONNECTION_UPDATE",
  "data": {
    "dataType": "object",
    "isArray": false,
    "keys": [
      "connection",
      "receivedPendingNotifications",
      "qr"
    ]
  }
}
----
[2026-04-07T16:24:52.798Z]
{
  "action": "webhook_post_result",
  "url": "https://localhost/bebots/webhook/wapi",
  "instance": "5363511379",
  "type": "CONNECTION_UPDATE",
  "status": 200,
  "response": ""
}
----
[2026-04-07T16:25:05.691Z]
{
  "action": "webhook_post_start",
  "url": "https://localhost/bebots/webhook/wapi",
  "instance": "5363511379",
  "type": "CONNECTION_UPDATE",
  "data": {
    "dataType": "object",
    "isArray": false,
    "keys": [
      "connection",
      "lastDisconnect"
    ]
  }
}
----
[2026-04-07T16:25:05.754Z]
{
  "action": "webhook_post_result",
  "url": "https://localhost/bebots/webhook/wapi",
  "instance": "5363511379",
  "type": "CONNECTION_UPDATE",
  "status": 200,
  "response": ""
}
----
[2026-04-07T16:25:15.017Z]
{
  "action": "webhook_post_start",
  "url": "https://localhost/bebots/webhook/wapi",
  "instance": "5363511379",
  "type": "CONNECTION_UPDATE",
  "data": {
    "dataType": "object",
    "isArray": false,
    "keys": [
      "isOnline"
    ]
  }
}
----
[2026-04-07T16:25:15.018Z]
{
  "action": "webhook_post_start",
  "url": "https://localhost/bebots/webhook/wapi",
  "instance": "5363511379",
  "type": "CONNECTION_UPDATE",
  "data": {
    "dataType": "object",
    "isArray": false,
    "keys": [
      "receivedPendingNotifications"
    ]
  }
}
----
[2026-04-07T16:25:15.018Z]
{
  "action": "webhook_post_start",
  "url": "https://localhost/bebots/webhook/wapi",
  "instance": "5363511379",
  "type": "CONNECTION_UPDATE",
  "data": {
    "dataType": "object",
    "isArray": false,
    "keys": [
      "connection"
    ]
  }
}
----
[2026-04-07T16:25:15.084Z]
{
  "action": "webhook_post_result",
  "url": "https://localhost/bebots/webhook/wapi",
  "instance": "5363511379",
  "type": "CONNECTION_UPDATE",
  "status": 200,
  "response": ""
}
----
[2026-04-07T16:25:15.088Z]
{
  "action": "webhook_post_result",
  "url": "https://localhost/bebots/webhook/wapi",
  "instance": "5363511379",
  "type": "CONNECTION_UPDATE",
  "status": 200,
  "response": ""
}
----
[2026-04-07T16:25:15.097Z]
{
  "action": "webhook_post_result",
  "url": "https://localhost/bebots/webhook/wapi",
  "instance": "5363511379",
  "type": "CONNECTION_UPDATE",
  "status": 200,
  "response": ""
}
----
[2026-04-07T16:25:21.426Z]
{
  "action": "webhook_post_start",
  "url": "https://localhost/bebots/webhook/wapi",
  "instance": "5363511379",
  "type": "CONNECTION_UPDATE",
  "data": {
    "dataType": "object",
    "isArray": false,
    "keys": [
      "connection",
      "receivedPendingNotifications",
      "qr"
    ]
  }
}
----
[2026-04-07T16:25:21.492Z]
{
  "action": "webhook_post_result",
  "url": "https://localhost/bebots/webhook/wapi",
  "instance": "5363511379",
  "type": "CONNECTION_UPDATE",
  "status": 200,
  "response": ""
}
----
[2026-04-07T16:25:39.989Z]
{
  "action": "webhook_post_start",
  "url": "https://localhost/bebots/webhook/wapi",
  "instance": "5363511379",
  "type": "CONNECTION_UPDATE",
  "data": {
    "dataType": "object",
    "isArray": false,
    "keys": [
      "connection",
      "lastDisconnect"
    ]
  }
}
----
[2026-04-07T16:25:40.310Z]
{
  "action": "webhook_post_result",
  "url": "https://localhost/bebots/webhook/wapi",
  "instance": "5363511379",
  "type": "CONNECTION_UPDATE",
  "status": 200,
  "response": ""
}
----
[2026-04-07T16:25:56.131Z]
{
  "action": "webhook_post_start",
  "url": "https://localhost/bebots/webhook/wapi",
  "instance": "5363511379",
  "type": "CONNECTION_UPDATE",
  "data": {
    "dataType": "object",
    "isArray": false,
    "keys": [
      "connection",
      "receivedPendingNotifications",
      "qr"
    ]
  }
}
----
[2026-04-07T16:25:56.175Z]
{
  "action": "webhook_post_result",
  "url": "https://localhost/bebots/webhook/wapi",
  "instance": "5363511379",
  "type": "CONNECTION_UPDATE",
  "status": 200,
  "response": ""
}
----
[2026-04-07T16:26:15.360Z]
{
  "action": "webhook_post_start",
  "url": "https://localhost/bebots/webhook/wapi",
  "instance": "5363511379",
  "type": "CONNECTION_UPDATE",
  "data": {
    "dataType": "object",
    "isArray": false,
    "keys": [
      "connection",
      "lastDisconnect"
    ]
  }
}
----
[2026-04-07T16:26:15.638Z]
{
  "action": "webhook_post_result",
  "url": "https://localhost/bebots/webhook/wapi",
  "instance": "5363511379",
  "type": "CONNECTION_UPDATE",
  "status": 200,
  "response": ""
}
----
[2026-04-07T16:26:27.110Z]
{
  "action": "webhook_post_start",
  "url": "https://localhost/bebots/webhook/wapi",
  "instance": "5363511379",
  "type": "CONNECTION_UPDATE",
  "data": {
    "dataType": "object",
    "isArray": false,
    "keys": [
      "connection"
    ]
  }
}
----
[2026-04-07T16:26:27.110Z]
{
  "action": "webhook_post_start",
  "url": "https://localhost/bebots/webhook/wapi",
  "instance": "5363511379",
  "type": "CONNECTION_UPDATE",
  "data": {
    "dataType": "object",
    "isArray": false,
    "keys": [
      "isOnline"
    ]
  }
}
----
[2026-04-07T16:26:27.110Z]
{
  "action": "webhook_post_start",
  "url": "https://localhost/bebots/webhook/wapi",
  "instance": "5363511379",
  "type": "CONNECTION_UPDATE",
  "data": {
    "dataType": "object",
    "isArray": false,
    "keys": [
      "receivedPendingNotifications"
    ]
  }
}
----
[2026-04-07T16:26:27.184Z]
{
  "action": "webhook_post_result",
  "url": "https://localhost/bebots/webhook/wapi",
  "instance": "5363511379",
  "type": "CONNECTION_UPDATE",
  "status": 200,
  "response": ""
}
----
[2026-04-07T16:26:27.205Z]
{
  "action": "webhook_post_result",
  "url": "https://localhost/bebots/webhook/wapi",
  "instance": "5363511379",
  "type": "CONNECTION_UPDATE",
  "status": 200,
  "response": ""
}
----
[2026-04-07T16:26:27.207Z]
{
  "action": "webhook_post_result",
  "url": "https://localhost/bebots/webhook/wapi",
  "instance": "5363511379",
  "type": "CONNECTION_UPDATE",
  "status": 200,
  "response": ""
}
----
[2026-04-07T16:26:31.081Z]
{
  "action": "webhook_post_start",
  "url": "https://localhost/bebots/webhook/wapi",
  "instance": "5363511379",
  "type": "CONNECTION_UPDATE",
  "data": {
    "dataType": "object",
    "isArray": false,
    "keys": [
      "connection",
      "receivedPendingNotifications",
      "qr"
    ]
  }
}
----
[2026-04-07T16:26:31.121Z]
{
  "action": "webhook_post_result",
  "url": "https://localhost/bebots/webhook/wapi",
  "instance": "5363511379",
  "type": "CONNECTION_UPDATE",
  "status": 200,
  "response": ""
}
----
[2026-04-07T16:26:55.268Z]
{
  "action": "webhook_post_start",
  "url": "https://localhost/bebots/webhook/wapi",
  "instance": "5363511379",
  "type": "CONNECTION_UPDATE",
  "data": {
    "dataType": "object",
    "isArray": false,
    "keys": [
      "connection",
      "lastDisconnect"
    ]
  }
}
----
[2026-04-07T16:26:55.533Z]
{
  "action": "webhook_post_result",
  "url": "https://localhost/bebots/webhook/wapi",
  "instance": "5363511379",
  "type": "CONNECTION_UPDATE",
  "status": 200,
  "response": ""
}
----
[2026-04-07T16:27:10.930Z]
{
  "action": "webhook_post_start",
  "url": "https://localhost/bebots/webhook/wapi",
  "instance": "5363511379",
  "type": "CONNECTION_UPDATE",
  "data": {
    "dataType": "object",
    "isArray": false,
    "keys": [
      "connection",
      "receivedPendingNotifications",
      "qr"
    ]
  }
}
----
[2026-04-07T16:27:10.987Z]
{
  "action": "webhook_post_result",
  "url": "https://localhost/bebots/webhook/wapi",
  "instance": "5363511379",
  "type": "CONNECTION_UPDATE",
  "status": 200,
  "response": ""
}
----
[2026-04-07T16:27:27.211Z]
{
  "action": "webhook_post_start",
  "url": "https://localhost/bebots/webhook/wapi",
  "instance": "5363511379",
  "type": "CONNECTION_UPDATE",
  "data": {
    "dataType": "object",
    "isArray": false,
    "keys": [
      "connection",
      "lastDisconnect"
    ]
  }
}
----
[2026-04-07T16:27:27.487Z]
{
  "action": "webhook_post_result",
  "url": "https://localhost/bebots/webhook/wapi",
  "instance": "5363511379",
  "type": "CONNECTION_UPDATE",
  "status": 200,
  "response": ""
}
----
[2026-04-07T16:27:45.065Z]
{
  "action": "webhook_post_start",
  "url": "https://localhost/bebots/webhook/wapi",
  "instance": "5363511379",
  "type": "CONNECTION_UPDATE",
  "data": {
    "dataType": "object",
    "isArray": false,
    "keys": [
      "connection",
      "receivedPendingNotifications",
      "qr"
    ]
  }
}
----
[2026-04-07T16:27:45.138Z]
{
  "action": "webhook_post_result",
  "url": "https://localhost/bebots/webhook/wapi",
  "instance": "5363511379",
  "type": "CONNECTION_UPDATE",
  "status": 200,
  "response": ""
}
----
[2026-04-07T16:28:01.234Z]
{
  "action": "webhook_post_start",
  "url": "https://localhost/bebots/webhook/wapi",
  "instance": "5363511379",
  "type": "CONNECTION_UPDATE",
  "data": {
    "dataType": "object",
    "isArray": false,
    "keys": [
      "connection",
      "lastDisconnect"
    ]
  }
}
----
[2026-04-07T16:28:01.505Z]
{
  "action": "webhook_post_result",
  "url": "https://localhost/bebots/webhook/wapi",
  "instance": "5363511379",
  "type": "CONNECTION_UPDATE",
  "status": 200,
  "response": ""
}
----
[2026-04-07T16:28:13.331Z]
{
  "action": "webhook_post_start",
  "url": "https://localhost/bebots/webhook/wapi",
  "instance": "5363511379",
  "type": "CONNECTION_UPDATE",
  "data": {
    "dataType": "object",
    "isArray": false,
    "keys": [
      "connection"
    ]
  }
}
----
[2026-04-07T16:28:13.331Z]
{
  "action": "webhook_post_start",
  "url": "https://localhost/bebots/webhook/wapi",
  "instance": "5363511379",
  "type": "CONNECTION_UPDATE",
  "data": {
    "dataType": "object",
    "isArray": false,
    "keys": [
      "isOnline"
    ]
  }
}
----
[2026-04-07T16:28:13.343Z]
{
  "action": "webhook_post_start",
  "url": "https://localhost/bebots/webhook/wapi",
  "instance": "5363511379",
  "type": "CONNECTION_UPDATE",
  "data": {
    "dataType": "object",
    "isArray": false,
    "keys": [
      "receivedPendingNotifications"
    ]
  }
}
----
[2026-04-07T16:28:13.380Z]
{
  "action": "webhook_post_result",
  "url": "https://localhost/bebots/webhook/wapi",
  "instance": "5363511379",
  "type": "CONNECTION_UPDATE",
  "status": 200,
  "response": ""
}
----
[2026-04-07T16:28:13.401Z]
{
  "action": "webhook_post_result",
  "url": "https://localhost/bebots/webhook/wapi",
  "instance": "5363511379",
  "type": "CONNECTION_UPDATE",
  "status": 200,
  "response": ""
}
----
[2026-04-07T16:28:13.401Z]
{
  "action": "webhook_post_result",
  "url": "https://localhost/bebots/webhook/wapi",
  "instance": "5363511379",
  "type": "CONNECTION_UPDATE",
  "status": 200,
  "response": ""
}
----
[2026-04-07T16:28:16.911Z]
{
  "action": "webhook_post_start",
  "url": "https://localhost/bebots/webhook/wapi",
  "instance": "5363511379",
  "type": "CONNECTION_UPDATE",
  "data": {
    "dataType": "object",
    "isArray": false,
    "keys": [
      "connection",
      "receivedPendingNotifications",
      "qr"
    ]
  }
}
----
[2026-04-07T16:28:16.954Z]
{
  "action": "webhook_post_result",
  "url": "https://localhost/bebots/webhook/wapi",
  "instance": "5363511379",
  "type": "CONNECTION_UPDATE",
  "status": 200,
  "response": ""
}
----
[2026-04-07T16:28:39.876Z]
{
  "action": "webhook_post_start",
  "url": "https://localhost/bebots/webhook/wapi",
  "instance": "5363511379",
  "type": "CONNECTION_UPDATE",
  "data": {
    "dataType": "object",
    "isArray": false,
    "keys": [
      "connection",
      "lastDisconnect"
    ]
  }
}
----
[2026-04-07T16:28:40.155Z]
{
  "action": "webhook_post_result",
  "url": "https://localhost/bebots/webhook/wapi",
  "instance": "5363511379",
  "type": "CONNECTION_UPDATE",
  "status": 200,
  "response": ""
}
----
[2026-04-07T16:28:45.797Z]
{
  "action": "webhook_post_start",
  "url": "https://localhost/bebots/webhook/wapi",
  "instance": "5363511379",
  "type": "CONNECTION_UPDATE",
  "data": {
    "dataType": "object",
    "isArray": false,
    "keys": [
      "connection",
      "receivedPendingNotifications",
      "qr"
    ]
  }
}
----
[2026-04-07T16:28:45.845Z]
{
  "action": "webhook_post_result",
  "url": "https://localhost/bebots/webhook/wapi",
  "instance": "5363511379",
  "type": "CONNECTION_UPDATE",
  "status": 200,
  "response": ""
}
----
[2026-04-07T16:28:47.834Z]
{
  "action": "webhook_post_start",
  "url": "https://localhost/bebots/webhook/wapi",
  "instance": "5363511379",
  "type": "CONNECTION_UPDATE",
  "data": {
    "dataType": "object",
    "isArray": false,
    "keys": [
      "connection",
      "lastDisconnect"
    ]
  }
}
----
[2026-04-07T16:28:47.879Z]
{
  "action": "webhook_post_result",
  "url": "https://localhost/bebots/webhook/wapi",
  "instance": "5363511379",
  "type": "CONNECTION_UPDATE",
  "status": 200,
  "response": ""
}
----
[2026-04-07T16:28:48.684Z]
{
  "action": "webhook_post_start",
  "url": "https://localhost/bebots/webhook/wapi",
  "instance": "5363511379",
  "type": "CONNECTION_UPDATE",
  "data": {
    "dataType": "object",
    "isArray": false,
    "keys": [
      "isOnline"
    ]
  }
}
----
[2026-04-07T16:28:48.685Z]
{
  "action": "webhook_post_start",
  "url": "https://localhost/bebots/webhook/wapi",
  "instance": "5363511379",
  "type": "CONNECTION_UPDATE",
  "data": {
    "dataType": "object",
    "isArray": false,
    "keys": [
      "connection"
    ]
  }
}
----
[2026-04-07T16:28:48.685Z]
{
  "action": "webhook_post_start",
  "url": "https://localhost/bebots/webhook/wapi",
  "instance": "5363511379",
  "type": "CONNECTION_UPDATE",
  "data": {
    "dataType": "object",
    "isArray": false,
    "keys": [
      "receivedPendingNotifications"
    ]
  }
}
----
[2026-04-07T16:28:48.732Z]
{
  "action": "webhook_post_result",
  "url": "https://localhost/bebots/webhook/wapi",
  "instance": "5363511379",
  "type": "CONNECTION_UPDATE",
  "status": 200,
  "response": ""
}
----
[2026-04-07T16:28:48.762Z]
{
  "action": "webhook_post_result",
  "url": "https://localhost/bebots/webhook/wapi",
  "instance": "5363511379",
  "type": "CONNECTION_UPDATE",
  "status": 200,
  "response": ""
}
----
[2026-04-07T16:28:48.778Z]
{
  "action": "webhook_post_result",
  "url": "https://localhost/bebots/webhook/wapi",
  "instance": "5363511379",
  "type": "CONNECTION_UPDATE",
  "status": 200,
  "response": ""
}
----
[2026-04-07T16:28:53.668Z]
{
  "action": "webhook_post_start",
  "url": "https://localhost/bebots/webhook/wapi",
  "instance": "5363511379",
  "type": "CONNECTION_UPDATE",
  "data": {
    "dataType": "object",
    "isArray": false,
    "keys": [
      "connection",
      "receivedPendingNotifications",
      "qr"
    ]
  }
}
----
[2026-04-07T16:28:53.723Z]
{
  "action": "webhook_post_result",
  "url": "https://localhost/bebots/webhook/wapi",
  "instance": "5363511379",
  "type": "CONNECTION_UPDATE",
  "status": 200,
  "response": ""
}
----
[2026-04-07T16:28:55.526Z]
{
  "action": "webhook_post_start",
  "url": "https://localhost/bebots/webhook/wapi",
  "instance": "5363511379",
  "type": "CONNECTION_UPDATE",
  "data": {
    "dataType": "object",
    "isArray": false,
    "keys": [
      "connection",
      "lastDisconnect"
    ]
  }
}
----
[2026-04-07T16:28:55.594Z]
{
  "action": "webhook_post_result",
  "url": "https://localhost/bebots/webhook/wapi",
  "instance": "5363511379",
  "type": "CONNECTION_UPDATE",
  "status": 200,
  "response": ""
}
----
[2026-04-07T16:28:56.794Z]
{
  "action": "webhook_post_start",
  "url": "https://localhost/bebots/webhook/wapi",
  "instance": "5363511379",
  "type": "CONNECTION_UPDATE",
  "data": {
    "dataType": "object",
    "isArray": false,
    "keys": [
      "connection"
    ]
  }
}
----
[2026-04-07T16:28:56.794Z]
{
  "action": "webhook_post_start",
  "url": "https://localhost/bebots/webhook/wapi",
  "instance": "5363511379",
  "type": "CONNECTION_UPDATE",
  "data": {
    "dataType": "object",
    "isArray": false,
    "keys": [
      "isOnline"
    ]
  }
}
----
[2026-04-07T16:28:56.794Z]
{
  "action": "webhook_post_start",
  "url": "https://localhost/bebots/webhook/wapi",
  "instance": "5363511379",
  "type": "CONNECTION_UPDATE",
  "data": {
    "dataType": "object",
    "isArray": false,
    "keys": [
      "receivedPendingNotifications"
    ]
  }
}
----
[2026-04-07T16:28:56.841Z]
{
  "action": "webhook_post_result",
  "url": "https://localhost/bebots/webhook/wapi",
  "instance": "5363511379",
  "type": "CONNECTION_UPDATE",
  "status": 200,
  "response": ""
}
----
[2026-04-07T16:28:56.846Z]
{
  "action": "webhook_post_result",
  "url": "https://localhost/bebots/webhook/wapi",
  "instance": "5363511379",
  "type": "CONNECTION_UPDATE",
  "status": 200,
  "response": ""
}
----
[2026-04-07T16:28:56.852Z]
{
  "action": "webhook_post_result",
  "url": "https://localhost/bebots/webhook/wapi",
  "instance": "5363511379",
  "type": "CONNECTION_UPDATE",
  "status": 200,
  "response": ""
}
----
[2026-04-07T16:29:02.528Z]
{
  "action": "webhook_post_start",
  "url": "https://localhost/bebots/webhook/wapi",
  "instance": "5363511379",
  "type": "CONNECTION_UPDATE",
  "data": {
    "dataType": "object",
    "isArray": false,
    "keys": [
      "connection",
      "receivedPendingNotifications",
      "qr"
    ]
  }
}
----
[2026-04-07T16:29:02.586Z]
{
  "action": "webhook_post_result",
  "url": "https://localhost/bebots/webhook/wapi",
  "instance": "5363511379",
  "type": "CONNECTION_UPDATE",
  "status": 200,
  "response": ""
}
----
[2026-04-07T16:29:04.223Z]
{
  "action": "webhook_post_start",
  "url": "https://localhost/bebots/webhook/wapi",
  "instance": "5363511379",
  "type": "CONNECTION_UPDATE",
  "data": {
    "dataType": "object",
    "isArray": false,
    "keys": [
      "connection",
      "lastDisconnect"
    ]
  }
}
----
[2026-04-07T16:29:04.290Z]
{
  "action": "webhook_post_result",
  "url": "https://localhost/bebots/webhook/wapi",
  "instance": "5363511379",
  "type": "CONNECTION_UPDATE",
  "status": 200,
  "response": ""
}
----
[2026-04-07T16:29:05.537Z]
{
  "action": "webhook_post_start",
  "url": "https://localhost/bebots/webhook/wapi",
  "instance": "5363511379",
  "type": "CONNECTION_UPDATE",
  "data": {
    "dataType": "object",
    "isArray": false,
    "keys": [
      "isOnline"
    ]
  }
}
----
[2026-04-07T16:29:05.537Z]
{
  "action": "webhook_post_start",
  "url": "https://localhost/bebots/webhook/wapi",
  "instance": "5363511379",
  "type": "CONNECTION_UPDATE",
  "data": {
    "dataType": "object",
    "isArray": false,
    "keys": [
      "receivedPendingNotifications"
    ]
  }
}
----
[2026-04-07T16:29:05.537Z]
{
  "action": "webhook_post_start",
  "url": "https://localhost/bebots/webhook/wapi",
  "instance": "5363511379",
  "type": "CONNECTION_UPDATE",
  "data": {
    "dataType": "object",
    "isArray": false,
    "keys": [
      "connection"
    ]
  }
}
----
[2026-04-07T16:29:05.590Z]
{
  "action": "webhook_post_result",
  "url": "https://localhost/bebots/webhook/wapi",
  "instance": "5363511379",
  "type": "CONNECTION_UPDATE",
  "status": 200,
  "response": ""
}
----
[2026-04-07T16:29:05.591Z]
{
  "action": "webhook_post_result",
  "url": "https://localhost/bebots/webhook/wapi",
  "instance": "5363511379",
  "type": "CONNECTION_UPDATE",
  "status": 200,
  "response": ""
}
----
[2026-04-07T16:29:05.596Z]
{
  "action": "webhook_post_result",
  "url": "https://localhost/bebots/webhook/wapi",
  "instance": "5363511379",
  "type": "CONNECTION_UPDATE",
  "status": 200,
  "response": ""
}
----
[2026-04-07T16:29:10.216Z]
{
  "action": "webhook_post_start",
  "url": "https://localhost/bebots/webhook/wapi",
  "instance": "5363511379",
  "type": "CONNECTION_UPDATE",
  "data": {
    "dataType": "object",
    "isArray": false,
    "keys": [
      "connection",
      "receivedPendingNotifications",
      "qr"
    ]
  }
}
----
[2026-04-07T16:29:10.268Z]
{
  "action": "webhook_post_result",
  "url": "https://localhost/bebots/webhook/wapi",
  "instance": "5363511379",
  "type": "CONNECTION_UPDATE",
  "status": 200,
  "response": ""
}
----
[2026-04-07T16:29:12.104Z]
{
  "action": "webhook_post_start",
  "url": "https://localhost/bebots/webhook/wapi",
  "instance": "5363511379",
  "type": "CONNECTION_UPDATE",
  "data": {
    "dataType": "object",
    "isArray": false,
    "keys": [
      "connection",
      "lastDisconnect"
    ]
  }
}
----
[2026-04-07T16:29:12.171Z]
{
  "action": "webhook_post_result",
  "url": "https://localhost/bebots/webhook/wapi",
  "instance": "5363511379",
  "type": "CONNECTION_UPDATE",
  "status": 200,
  "response": ""
}
----
[2026-04-07T16:29:13.975Z]
{
  "action": "webhook_post_start",
  "url": "https://localhost/bebots/webhook/wapi",
  "instance": "5363511379",
  "type": "CONNECTION_UPDATE",
  "data": {
    "dataType": "object",
    "isArray": false,
    "keys": [
      "isOnline"
    ]
  }
}
----
[2026-04-07T16:29:13.975Z]
{
  "action": "webhook_post_start",
  "url": "https://localhost/bebots/webhook/wapi",
  "instance": "5363511379",
  "type": "CONNECTION_UPDATE",
  "data": {
    "dataType": "object",
    "isArray": false,
    "keys": [
      "connection"
    ]
  }
}
----
[2026-04-07T16:29:14.032Z]
{
  "action": "webhook_post_result",
  "url": "https://localhost/bebots/webhook/wapi",
  "instance": "5363511379",
  "type": "CONNECTION_UPDATE",
  "status": 200,
  "response": ""
}
----
[2026-04-07T16:29:14.037Z]
{
  "action": "webhook_post_result",
  "url": "https://localhost/bebots/webhook/wapi",
  "instance": "5363511379",
  "type": "CONNECTION_UPDATE",
  "status": 200,
  "response": ""
}
----
[2026-04-07T16:29:14.108Z]
{
  "action": "webhook_post_start",
  "url": "https://localhost/bebots/webhook/wapi",
  "instance": "5363511379",
  "type": "CONNECTION_UPDATE",
  "data": {
    "dataType": "object",
    "isArray": false,
    "keys": [
      "receivedPendingNotifications"
    ]
  }
}
----
[2026-04-07T16:29:14.174Z]
{
  "action": "webhook_post_result",
  "url": "https://localhost/bebots/webhook/wapi",
  "instance": "5363511379",
  "type": "CONNECTION_UPDATE",
  "status": 200,
  "response": ""
}
----
[2026-04-07T16:29:18.676Z]
{
  "action": "webhook_post_start",
  "url": "https://localhost/bebots/webhook/wapi",
  "instance": "5363511379",
  "type": "CONNECTION_UPDATE",
  "data": {
    "dataType": "object",
    "isArray": false,
    "keys": [
      "connection",
      "receivedPendingNotifications",
      "qr"
    ]
  }
}
----
[2026-04-07T16:29:18.741Z]
{
  "action": "webhook_post_result",
  "url": "https://localhost/bebots/webhook/wapi",
  "instance": "5363511379",
  "type": "CONNECTION_UPDATE",
  "status": 200,
  "response": ""
}
----
[2026-04-07T16:29:20.958Z]
{
  "action": "webhook_post_start",
  "url": "https://localhost/bebots/webhook/wapi",
  "instance": "5363511379",
  "type": "CONNECTION_UPDATE",
  "data": {
    "dataType": "object",
    "isArray": false,
    "keys": [
      "connection",
      "lastDisconnect"
    ]
  }
}
----
[2026-04-07T16:29:21.003Z]
{
  "action": "webhook_post_result",
  "url": "https://localhost/bebots/webhook/wapi",
  "instance": "5363511379",
  "type": "CONNECTION_UPDATE",
  "status": 200,
  "response": ""
}
----
[2026-04-07T16:29:22.256Z]
{
  "action": "webhook_post_start",
  "url": "https://localhost/bebots/webhook/wapi",
  "instance": "5363511379",
  "type": "CONNECTION_UPDATE",
  "data": {
    "dataType": "object",
    "isArray": false,
    "keys": [
      "isOnline"
    ]
  }
}
----
[2026-04-07T16:29:22.256Z]
{
  "action": "webhook_post_start",
  "url": "https://localhost/bebots/webhook/wapi",
  "instance": "5363511379",
  "type": "CONNECTION_UPDATE",
  "data": {
    "dataType": "object",
    "isArray": false,
    "keys": [
      "receivedPendingNotifications"
    ]
  }
}
----
[2026-04-07T16:29:22.256Z]
{
  "action": "webhook_post_start",
  "url": "https://localhost/bebots/webhook/wapi",
  "instance": "5363511379",
  "type": "CONNECTION_UPDATE",
  "data": {
    "dataType": "object",
    "isArray": false,
    "keys": [
      "connection"
    ]
  }
}
----
[2026-04-07T16:29:22.318Z]
{
  "action": "webhook_post_result",
  "url": "https://localhost/bebots/webhook/wapi",
  "instance": "5363511379",
  "type": "CONNECTION_UPDATE",
  "status": 200,
  "response": ""
}
----
[2026-04-07T16:29:22.318Z]
{
  "action": "webhook_post_result",
  "url": "https://localhost/bebots/webhook/wapi",
  "instance": "5363511379",
  "type": "CONNECTION_UPDATE",
  "status": 200,
  "response": ""
}
----
[2026-04-07T16:29:22.346Z]
{
  "action": "webhook_post_result",
  "url": "https://localhost/bebots/webhook/wapi",
  "instance": "5363511379",
  "type": "CONNECTION_UPDATE",
  "status": 200,
  "response": ""
}
----
[2026-04-07T16:29:27.493Z]
{
  "action": "webhook_post_start",
  "url": "https://localhost/bebots/webhook/wapi",
  "instance": "5363511379",
  "type": "CONNECTION_UPDATE",
  "data": {
    "dataType": "object",
    "isArray": false,
    "keys": [
      "connection",
      "receivedPendingNotifications",
      "qr"
    ]
  }
}
----
[2026-04-07T16:29:27.580Z]
{
  "action": "webhook_post_result",
  "url": "https://localhost/bebots/webhook/wapi",
  "instance": "5363511379",
  "type": "CONNECTION_UPDATE",
  "status": 200,
  "response": ""
}
----
[2026-04-07T16:29:29.520Z]
{
  "action": "webhook_post_start",
  "url": "https://localhost/bebots/webhook/wapi",
  "instance": "5363511379",
  "type": "CONNECTION_UPDATE",
  "data": {
    "dataType": "object",
    "isArray": false,
    "keys": [
      "connection",
      "lastDisconnect"
    ]
  }
}
----
[2026-04-07T16:29:29.606Z]
{
  "action": "webhook_post_result",
  "url": "https://localhost/bebots/webhook/wapi",
  "instance": "5363511379",
  "type": "CONNECTION_UPDATE",
  "status": 200,
  "response": ""
}
----
[2026-04-07T16:29:30.549Z]
{
  "action": "webhook_post_start",
  "url": "https://localhost/bebots/webhook/wapi",
  "instance": "5363511379",
  "type": "CONNECTION_UPDATE",
  "data": {
    "dataType": "object",
    "isArray": false,
    "keys": [
      "isOnline"
    ]
  }
}
----
[2026-04-07T16:29:30.550Z]
{
  "action": "webhook_post_start",
  "url": "https://localhost/bebots/webhook/wapi",
  "instance": "5363511379",
  "type": "CONNECTION_UPDATE",
  "data": {
    "dataType": "object",
    "isArray": false,
    "keys": [
      "receivedPendingNotifications"
    ]
  }
}
----
[2026-04-07T16:29:30.550Z]
{
  "action": "webhook_post_start",
  "url": "https://localhost/bebots/webhook/wapi",
  "instance": "5363511379",
  "type": "CONNECTION_UPDATE",
  "data": {
    "dataType": "object",
    "isArray": false,
    "keys": [
      "connection"
    ]
  }
}
----
[2026-04-07T16:29:30.620Z]
{
  "action": "webhook_post_result",
  "url": "https://localhost/bebots/webhook/wapi",
  "instance": "5363511379",
  "type": "CONNECTION_UPDATE",
  "status": 200,
  "response": ""
}
----
[2026-04-07T16:29:30.628Z]
{
  "action": "webhook_post_result",
  "url": "https://localhost/bebots/webhook/wapi",
  "instance": "5363511379",
  "type": "CONNECTION_UPDATE",
  "status": 200,
  "response": ""
}
----
[2026-04-07T16:29:30.630Z]
{
  "action": "webhook_post_result",
  "url": "https://localhost/bebots/webhook/wapi",
  "instance": "5363511379",
  "type": "CONNECTION_UPDATE",
  "status": 200,
  "response": ""
}
----
[2026-04-07T16:29:36.577Z]
{
  "action": "webhook_post_start",
  "url": "https://localhost/bebots/webhook/wapi",
  "instance": "5363511379",
  "type": "CONNECTION_UPDATE",
  "data": {
    "dataType": "object",
    "isArray": false,
    "keys": [
      "connection",
      "receivedPendingNotifications",
      "qr"
    ]
  }
}
----
[2026-04-07T16:29:36.656Z]
{
  "action": "webhook_post_result",
  "url": "https://localhost/bebots/webhook/wapi",
  "instance": "5363511379",
  "type": "CONNECTION_UPDATE",
  "status": 200,
  "response": ""
}
----
[2026-04-07T16:29:38.499Z]
{
  "action": "webhook_post_start",
  "url": "https://localhost/bebots/webhook/wapi",
  "instance": "5363511379",
  "type": "CONNECTION_UPDATE",
  "data": {
    "dataType": "object",
    "isArray": false,
    "keys": [
      "connection",
      "lastDisconnect"
    ]
  }
}
----
[2026-04-07T16:29:38.560Z]
{
  "action": "webhook_post_result",
  "url": "https://localhost/bebots/webhook/wapi",
  "instance": "5363511379",
  "type": "CONNECTION_UPDATE",
  "status": 200,
  "response": ""
}
----
[2026-04-07T16:29:39.486Z]
{
  "action": "webhook_post_start",
  "url": "https://localhost/bebots/webhook/wapi",
  "instance": "5363511379",
  "type": "CONNECTION_UPDATE",
  "data": {
    "dataType": "object",
    "isArray": false,
    "keys": [
      "isOnline"
    ]
  }
}
----
[2026-04-07T16:29:39.486Z]
{
  "action": "webhook_post_start",
  "url": "https://localhost/bebots/webhook/wapi",
  "instance": "5363511379",
  "type": "CONNECTION_UPDATE",
  "data": {
    "dataType": "object",
    "isArray": false,
    "keys": [
      "connection"
    ]
  }
}
----
[2026-04-07T16:29:39.486Z]
{
  "action": "webhook_post_start",
  "url": "https://localhost/bebots/webhook/wapi",
  "instance": "5363511379",
  "type": "CONNECTION_UPDATE",
  "data": {
    "dataType": "object",
    "isArray": false,
    "keys": [
      "receivedPendingNotifications"
    ]
  }
}
----
[2026-04-07T16:29:39.586Z]
{
  "action": "webhook_post_result",
  "url": "https://localhost/bebots/webhook/wapi",
  "instance": "5363511379",
  "type": "CONNECTION_UPDATE",
  "status": 200,
  "response": ""
}
----
[2026-04-07T16:29:39.587Z]
{
  "action": "webhook_post_result",
  "url": "https://localhost/bebots/webhook/wapi",
  "instance": "5363511379",
  "type": "CONNECTION_UPDATE",
  "status": 200,
  "response": ""
}
----
[2026-04-07T16:29:39.587Z]
{
  "action": "webhook_post_result",
  "url": "https://localhost/bebots/webhook/wapi",
  "instance": "5363511379",
  "type": "CONNECTION_UPDATE",
  "status": 200,
  "response": ""
}
----
[2026-04-07T16:29:46.090Z]
{
  "action": "webhook_post_start",
  "url": "https://localhost/bebots/webhook/wapi",
  "instance": "5363511379",
  "type": "CONNECTION_UPDATE",
  "data": {
    "dataType": "object",
    "isArray": false,
    "keys": [
      "connection",
      "receivedPendingNotifications",
      "qr"
    ]
  }
}
----
[2026-04-07T16:29:46.154Z]
{
  "action": "webhook_post_result",
  "url": "https://localhost/bebots/webhook/wapi",
  "instance": "5363511379",
  "type": "CONNECTION_UPDATE",
  "status": 200,
  "response": ""
}
----
[2026-04-07T16:29:49.882Z]
{
  "action": "webhook_post_start",
  "url": "https://localhost/bebots/webhook/wapi",
  "instance": "5363511379",
  "type": "CONNECTION_UPDATE",
  "data": {
    "dataType": "object",
    "isArray": false,
    "keys": [
      "connection",
      "lastDisconnect"
    ]
  }
}
----
[2026-04-07T16:29:49.936Z]
{
  "action": "webhook_post_result",
  "url": "https://localhost/bebots/webhook/wapi",
  "instance": "5363511379",
  "type": "CONNECTION_UPDATE",
  "status": 200,
  "response": ""
}
----
[2026-04-07T16:29:54.564Z]
{
  "action": "webhook_post_start",
  "url": "https://localhost/bebots/webhook/wapi",
  "instance": "5363511379",
  "type": "CONNECTION_UPDATE",
  "data": {
    "dataType": "object",
    "isArray": false,
    "keys": [
      "isOnline"
    ]
  }
}
----
[2026-04-07T16:29:54.564Z]
{
  "action": "webhook_post_start",
  "url": "https://localhost/bebots/webhook/wapi",
  "instance": "5363511379",
  "type": "CONNECTION_UPDATE",
  "data": {
    "dataType": "object",
    "isArray": false,
    "keys": [
      "connection"
    ]
  }
}
----
[2026-04-07T16:29:54.631Z]
{
  "action": "webhook_post_result",
  "url": "https://localhost/bebots/webhook/wapi",
  "instance": "5363511379",
  "type": "CONNECTION_UPDATE",
  "status": 200,
  "response": ""
}
----
[2026-04-07T16:29:54.632Z]
{
  "action": "webhook_post_result",
  "url": "https://localhost/bebots/webhook/wapi",
  "instance": "5363511379",
  "type": "CONNECTION_UPDATE",
  "status": 200,
  "response": ""
}
----
[2026-04-07T16:29:54.792Z]
{
  "action": "webhook_post_start",
  "url": "https://localhost/bebots/webhook/wapi",
  "instance": "5363511379",
  "type": "CONNECTION_UPDATE",
  "data": {
    "dataType": "object",
    "isArray": false,
    "keys": [
      "receivedPendingNotifications"
    ]
  }
}
----
[2026-04-07T16:29:54.852Z]
{
  "action": "webhook_post_result",
  "url": "https://localhost/bebots/webhook/wapi",
  "instance": "5363511379",
  "type": "CONNECTION_UPDATE",
  "status": 200,
  "response": ""
}
----
[2026-04-07T16:29:56.242Z]
{
  "action": "webhook_post_start",
  "url": "https://localhost/bebots/webhook/wapi",
  "instance": "5363511379",
  "type": "CONNECTION_UPDATE",
  "data": {
    "dataType": "object",
    "isArray": false,
    "keys": [
      "connection",
      "receivedPendingNotifications",
      "qr"
    ]
  }
}
----
[2026-04-07T16:29:56.281Z]
{
  "action": "webhook_post_result",
  "url": "https://localhost/bebots/webhook/wapi",
  "instance": "5363511379",
  "type": "CONNECTION_UPDATE",
  "status": 200,
  "response": ""
}
----
[2026-04-07T16:29:59.316Z]
{
  "action": "webhook_post_start",
  "url": "https://localhost/bebots/webhook/wapi",
  "instance": "5363511379",
  "type": "CONNECTION_UPDATE",
  "data": {
    "dataType": "object",
    "isArray": false,
    "keys": [
      "connection",
      "lastDisconnect"
    ]
  }
}
----
[2026-04-07T16:29:59.377Z]
{
  "action": "webhook_post_result",
  "url": "https://localhost/bebots/webhook/wapi",
  "instance": "5363511379",
  "type": "CONNECTION_UPDATE",
  "status": 200,
  "response": ""
}
----
[2026-04-07T16:30:00.237Z]
{
  "action": "webhook_post_start",
  "url": "https://localhost/bebots/webhook/wapi",
  "instance": "5363511379",
  "type": "CONNECTION_UPDATE",
  "data": {
    "dataType": "object",
    "isArray": false,
    "keys": [
      "isOnline"
    ]
  }
}
----
[2026-04-07T16:30:00.236Z]
{
  "action": "webhook_post_start",
  "url": "https://localhost/bebots/webhook/wapi",
  "instance": "5363511379",
  "type": "CONNECTION_UPDATE",
  "data": {
    "dataType": "object",
    "isArray": false,
    "keys": [
      "connection"
    ]
  }
}
----
[2026-04-07T16:30:00.300Z]
{
  "action": "webhook_post_result",
  "url": "https://localhost/bebots/webhook/wapi",
  "instance": "5363511379",
  "type": "CONNECTION_UPDATE",
  "status": 200,
  "response": ""
}
----
[2026-04-07T16:30:00.300Z]
{
  "action": "webhook_post_start",
  "url": "https://localhost/bebots/webhook/wapi",
  "instance": "5363511379",
  "type": "CONNECTION_UPDATE",
  "data": {
    "dataType": "object",
    "isArray": false,
    "keys": [
      "receivedPendingNotifications"
    ]
  }
}
----
[2026-04-07T16:30:00.305Z]
{
  "action": "webhook_post_result",
  "url": "https://localhost/bebots/webhook/wapi",
  "instance": "5363511379",
  "type": "CONNECTION_UPDATE",
  "status": 200,
  "response": ""
}
----
[2026-04-07T16:30:00.339Z]
{
  "action": "webhook_post_result",
  "url": "https://localhost/bebots/webhook/wapi",
  "instance": "5363511379",
  "type": "CONNECTION_UPDATE",
  "status": 200,
  "response": ""
}
----
[2026-04-07T16:30:06.551Z]
{
  "action": "webhook_post_start",
  "url": "https://localhost/bebots/webhook/wapi",
  "instance": "5363511379",
  "type": "CONNECTION_UPDATE",
  "data": {
    "dataType": "object",
    "isArray": false,
    "keys": [
      "connection",
      "receivedPendingNotifications",
      "qr"
    ]
  }
}
----
[2026-04-07T16:30:06.609Z]
{
  "action": "webhook_post_result",
  "url": "https://localhost/bebots/webhook/wapi",
  "instance": "5363511379",
  "type": "CONNECTION_UPDATE",
  "status": 200,
  "response": ""
}
----
[2026-04-07T16:30:09.019Z]
{
  "action": "webhook_post_start",
  "url": "https://localhost/bebots/webhook/wapi",
  "instance": "5363511379",
  "type": "CONNECTION_UPDATE",
  "data": {
    "dataType": "object",
    "isArray": false,
    "keys": [
      "connection",
      "lastDisconnect"
    ]
  }
}
----
[2026-04-07T16:30:09.076Z]
{
  "action": "webhook_post_result",
  "url": "https://localhost/bebots/webhook/wapi",
  "instance": "5363511379",
  "type": "CONNECTION_UPDATE",
  "status": 200,
  "response": ""
}
----
[2026-04-07T16:30:11.528Z]
{
  "action": "webhook_post_start",
  "url": "https://localhost/bebots/webhook/wapi",
  "instance": "5363511379",
  "type": "CONNECTION_UPDATE",
  "data": {
    "dataType": "object",
    "isArray": false,
    "keys": [
      "connection"
    ]
  }
}
----
[2026-04-07T16:30:11.529Z]
{
  "action": "webhook_post_start",
  "url": "https://localhost/bebots/webhook/wapi",
  "instance": "5363511379",
  "type": "CONNECTION_UPDATE",
  "data": {
    "dataType": "object",
    "isArray": false,
    "keys": [
      "receivedPendingNotifications"
    ]
  }
}
----
[2026-04-07T16:30:11.529Z]
{
  "action": "webhook_post_start",
  "url": "https://localhost/bebots/webhook/wapi",
  "instance": "5363511379",
  "type": "CONNECTION_UPDATE",
  "data": {
    "dataType": "object",
    "isArray": false,
    "keys": [
      "isOnline"
    ]
  }
}
----
[2026-04-07T16:30:11.580Z]
{
  "action": "webhook_post_result",
  "url": "https://localhost/bebots/webhook/wapi",
  "instance": "5363511379",
  "type": "CONNECTION_UPDATE",
  "status": 200,
  "response": ""
}
----
[2026-04-07T16:30:11.586Z]
{
  "action": "webhook_post_result",
  "url": "https://localhost/bebots/webhook/wapi",
  "instance": "5363511379",
  "type": "CONNECTION_UPDATE",
  "status": 200,
  "response": ""
}
----
[2026-04-07T16:30:11.601Z]
{
  "action": "webhook_post_result",
  "url": "https://localhost/bebots/webhook/wapi",
  "instance": "5363511379",
  "type": "CONNECTION_UPDATE",
  "status": 200,
  "response": ""
}
----
[2026-04-07T16:30:18.334Z]
{
  "action": "webhook_post_start",
  "url": "https://localhost/bebots/webhook/wapi",
  "instance": "5363511379",
  "type": "CONNECTION_UPDATE",
  "data": {
    "dataType": "object",
    "isArray": false,
    "keys": [
      "connection",
      "receivedPendingNotifications",
      "qr"
    ]
  }
}
----
[2026-04-07T16:30:18.386Z]
{
  "action": "webhook_post_result",
  "url": "https://localhost/bebots/webhook/wapi",
  "instance": "5363511379",
  "type": "CONNECTION_UPDATE",
  "status": 200,
  "response": ""
}
----
[2026-04-07T16:30:24.355Z]
{
  "action": "webhook_post_start",
  "url": "https://localhost/bebots/webhook/wapi",
  "instance": "5363511379",
  "type": "CONNECTION_UPDATE",
  "data": {
    "dataType": "object",
    "isArray": false,
    "keys": [
      "connection",
      "lastDisconnect"
    ]
  }
}
----
[2026-04-07T16:30:24.400Z]
{
  "action": "webhook_post_result",
  "url": "https://localhost/bebots/webhook/wapi",
  "instance": "5363511379",
  "type": "CONNECTION_UPDATE",
  "status": 200,
  "response": ""
}
----
[2026-04-07T16:30:28.760Z]
{
  "action": "webhook_post_start",
  "url": "https://localhost/bebots/webhook/wapi",
  "instance": "5363511379",
  "type": "CONNECTION_UPDATE",
  "data": {
    "dataType": "object",
    "isArray": false,
    "keys": [
      "isOnline"
    ]
  }
}
----
[2026-04-07T16:30:28.760Z]
{
  "action": "webhook_post_start",
  "url": "https://localhost/bebots/webhook/wapi",
  "instance": "5363511379",
  "type": "CONNECTION_UPDATE",
  "data": {
    "dataType": "object",
    "isArray": false,
    "keys": [
      "connection"
    ]
  }
}
----
[2026-04-07T16:30:28.822Z]
{
  "action": "webhook_post_result",
  "url": "https://localhost/bebots/webhook/wapi",
  "instance": "5363511379",
  "type": "CONNECTION_UPDATE",
  "status": 200,
  "response": ""
}
----
[2026-04-07T16:30:28.834Z]
{
  "action": "webhook_post_result",
  "url": "https://localhost/bebots/webhook/wapi",
  "instance": "5363511379",
  "type": "CONNECTION_UPDATE",
  "status": 200,
  "response": ""
}
----
[2026-04-07T16:30:28.863Z]
{
  "action": "webhook_post_start",
  "url": "https://localhost/bebots/webhook/wapi",
  "instance": "5363511379",
  "type": "CONNECTION_UPDATE",
  "data": {
    "dataType": "object",
    "isArray": false,
    "keys": [
      "receivedPendingNotifications"
    ]
  }
}
----
[2026-04-07T16:30:28.908Z]
{
  "action": "webhook_post_result",
  "url": "https://localhost/bebots/webhook/wapi",
  "instance": "5363511379",
  "type": "CONNECTION_UPDATE",
  "status": 200,
  "response": ""
}
----
[2026-04-07T16:30:40.073Z]
{
  "action": "webhook_post_start",
  "url": "https://localhost/bebots/webhook/wapi",
  "instance": "5363511379",
  "type": "CONNECTION_UPDATE",
  "data": {
    "dataType": "object",
    "isArray": false,
    "keys": [
      "connection",
      "receivedPendingNotifications",
      "qr"
    ]
  }
}
----
[2026-04-07T16:30:40.124Z]
{
  "action": "webhook_post_result",
  "url": "https://localhost/bebots/webhook/wapi",
  "instance": "5363511379",
  "type": "CONNECTION_UPDATE",
  "status": 200,
  "response": ""
}
----
[2026-04-07T16:30:48.646Z]
{
  "action": "webhook_post_start",
  "url": "https://localhost/bebots/webhook/wapi",
  "instance": "5363511379",
  "type": "CHATS_UPDATE",
  "data": {
    "dataType": "object",
    "isArray": true,
    "length": 2,
    "firstKeys": [
      "id",
      "tcToken"
    ]
  }
}
----
[2026-04-07T16:30:48.646Z]
{
  "action": "webhook_post_start",
  "url": "https://localhost/bebots/webhook/wapi",
  "instance": "5363511379",
  "type": "MESSAGES_UPSERT",
  "data": {
    "dataType": "object",
    "isArray": true,
    "length": 1,
    "firstKeys": [
      "key",
      "messageTimestamp",
      "pushName",
      "broadcast",
      "message",
      "verifiedBizName"
    ],
    "firstMessageKeys": [
      "conversation",
      "messageContextInfo"
    ]
  }
}
----
[2026-04-07T16:30:48.646Z]
{
  "action": "webhook_post_start",
  "url": "https://localhost/bebots/webhook/wapi",
  "instance": "5363511379",
  "type": "CONTACTS_UPDATE",
  "data": {
    "dataType": "object",
    "isArray": true,
    "length": 1,
    "firstKeys": [
      "id",
      "notify",
      "verifiedName"
    ]
  }
}
----
[2026-04-07T16:30:48.718Z]
{
  "action": "webhook_post_result",
  "url": "https://localhost/bebots/webhook/wapi",
  "instance": "5363511379",
  "type": "CHATS_UPDATE",
  "status": 200,
  "response": ""
}
----
[2026-04-07T16:30:48.719Z]
{
  "action": "webhook_post_result",
  "url": "https://localhost/bebots/webhook/wapi",
  "instance": "5363511379",
  "type": "CONTACTS_UPDATE",
  "status": 200,
  "response": ""
}
----
[2026-04-07T16:30:48.740Z]
{
  "action": "webhook_post_result",
  "url": "https://localhost/bebots/webhook/wapi",
  "instance": "5363511379",
  "type": "MESSAGES_UPSERT",
  "status": 200,
  "response": ""
}
----
[2026-04-07T16:30:49.880Z]
{
  "action": "webhook_post_start",
  "url": "https://localhost/bebots/webhook/wapi",
  "instance": "5363511379",
  "type": "CONNECTION_UPDATE",
  "data": {
    "dataType": "object",
    "isArray": false,
    "keys": [
      "connection",
      "lastDisconnect"
    ]
  }
}
----
[2026-04-07T16:30:49.927Z]
{
  "action": "webhook_post_result",
  "url": "https://localhost/bebots/webhook/wapi",
  "instance": "5363511379",
  "type": "CONNECTION_UPDATE",
  "status": 200,
  "response": ""
}
----
[2026-04-07T16:31:00.279Z]
{
  "action": "webhook_post_start",
  "url": "https://localhost/bebots/webhook/wapi",
  "instance": "5363511379",
  "type": "CONNECTION_UPDATE",
  "data": {
    "dataType": "object",
    "isArray": false,
    "keys": [
      "connection",
      "receivedPendingNotifications",
      "qr"
    ]
  }
}
----
[2026-04-07T16:31:00.337Z]
{
  "action": "webhook_post_result",
  "url": "https://localhost/bebots/webhook/wapi",
  "instance": "5363511379",
  "type": "CONNECTION_UPDATE",
  "status": 200,
  "response": ""
}
----
[2026-04-07T16:31:04.822Z]
{
  "action": "webhook_post_start",
  "url": "https://localhost/bebots/webhook/wapi",
  "instance": "5363511379",
  "type": "CONNECTION_UPDATE",
  "data": {
    "dataType": "object",
    "isArray": false,
    "keys": [
      "connection",
      "lastDisconnect"
    ]
  }
}
----
[2026-04-07T16:31:04.948Z]
{
  "action": "webhook_post_result",
  "url": "https://localhost/bebots/webhook/wapi",
  "instance": "5363511379",
  "type": "CONNECTION_UPDATE",
  "status": 200,
  "response": ""
}
----
[2026-04-07T16:31:07.602Z]
{
  "action": "webhook_post_start",
  "url": "https://localhost/bebots/webhook/wapi",
  "instance": "5363511379",
  "type": "CONNECTION_UPDATE",
  "data": {
    "dataType": "object",
    "isArray": false,
    "keys": [
      "isOnline"
    ]
  }
}
----
[2026-04-07T16:31:07.602Z]
{
  "action": "webhook_post_start",
  "url": "https://localhost/bebots/webhook/wapi",
  "instance": "5363511379",
  "type": "CONNECTION_UPDATE",
  "data": {
    "dataType": "object",
    "isArray": false,
    "keys": [
      "connection"
    ]
  }
}
----
[2026-04-07T16:31:07.679Z]
{
  "action": "webhook_post_result",
  "url": "https://localhost/bebots/webhook/wapi",
  "instance": "5363511379",
  "type": "CONNECTION_UPDATE",
  "status": 200,
  "response": ""
}
----
[2026-04-07T16:31:07.679Z]
{
  "action": "webhook_post_result",
  "url": "https://localhost/bebots/webhook/wapi",
  "instance": "5363511379",
  "type": "CONNECTION_UPDATE",
  "status": 200,
  "response": ""
}
----
[2026-04-07T16:31:07.717Z]
{
  "action": "webhook_post_start",
  "url": "https://localhost/bebots/webhook/wapi",
  "instance": "5363511379",
  "type": "CONNECTION_UPDATE",
  "data": {
    "dataType": "object",
    "isArray": false,
    "keys": [
      "receivedPendingNotifications"
    ]
  }
}
----
[2026-04-07T16:31:07.773Z]
{
  "action": "webhook_post_result",
  "url": "https://localhost/bebots/webhook/wapi",
  "instance": "5363511379",
  "type": "CONNECTION_UPDATE",
  "status": 200,
  "response": ""
}
----
[2026-04-07T16:31:20.488Z]
{
  "action": "webhook_post_start",
  "url": "https://localhost/bebots/webhook/wapi",
  "instance": "5363511379",
  "type": "CONNECTION_UPDATE",
  "data": {
    "dataType": "object",
    "isArray": false,
    "keys": [
      "connection",
      "receivedPendingNotifications",
      "qr"
    ]
  }
}
----
[2026-04-07T16:31:20.533Z]
{
  "action": "webhook_post_result",
  "url": "https://localhost/bebots/webhook/wapi",
  "instance": "5363511379",
  "type": "CONNECTION_UPDATE",
  "status": 200,
  "response": ""
}
----
[2026-04-07T16:31:27.218Z]
{
  "action": "webhook_post_start",
  "url": "https://localhost/bebots/webhook/wapi",
  "instance": "5363511379",
  "type": "CONNECTION_UPDATE",
  "data": {
    "dataType": "object",
    "isArray": false,
    "keys": [
      "connection",
      "lastDisconnect"
    ]
  }
}
----
[2026-04-07T16:31:27.339Z]
{
  "action": "webhook_post_result",
  "url": "https://localhost/bebots/webhook/wapi",
  "instance": "5363511379",
  "type": "CONNECTION_UPDATE",
  "status": 200,
  "response": ""
}
----
[2026-04-07T16:31:33.236Z]
{
  "action": "webhook_post_start",
  "url": "https://localhost/bebots/webhook/wapi",
  "instance": "5363511379",
  "type": "CONNECTION_UPDATE",
  "data": {
    "dataType": "object",
    "isArray": false,
    "keys": [
      "connection",
      "receivedPendingNotifications",
      "qr"
    ]
  }
}
----
[2026-04-07T16:31:33.320Z]
{
  "action": "webhook_post_result",
  "url": "https://localhost/bebots/webhook/wapi",
  "instance": "5363511379",
  "type": "CONNECTION_UPDATE",
  "status": 200,
  "response": ""
}
----
[2026-04-07T16:31:35.011Z]
{
  "action": "webhook_post_start",
  "url": "https://localhost/bebots/webhook/wapi",
  "instance": "5363511379",
  "type": "CONNECTION_UPDATE",
  "data": {
    "dataType": "object",
    "isArray": false,
    "keys": [
      "connection",
      "lastDisconnect"
    ]
  }
}
----
[2026-04-07T16:31:35.078Z]
{
  "action": "webhook_post_result",
  "url": "https://localhost/bebots/webhook/wapi",
  "instance": "5363511379",
  "type": "CONNECTION_UPDATE",
  "status": 200,
  "response": ""
}
----
[2026-04-07T16:31:35.961Z]
{
  "action": "webhook_post_start",
  "url": "https://localhost/bebots/webhook/wapi",
  "instance": "5363511379",
  "type": "CONNECTION_UPDATE",
  "data": {
    "dataType": "object",
    "isArray": false,
    "keys": [
      "isOnline"
    ]
  }
}
----
[2026-04-07T16:31:35.961Z]
{
  "action": "webhook_post_start",
  "url": "https://localhost/bebots/webhook/wapi",
  "instance": "5363511379",
  "type": "CONNECTION_UPDATE",
  "data": {
    "dataType": "object",
    "isArray": false,
    "keys": [
      "connection"
    ]
  }
}
----
[2026-04-07T16:31:35.961Z]
{
  "action": "webhook_post_start",
  "url": "https://localhost/bebots/webhook/wapi",
  "instance": "5363511379",
  "type": "CONNECTION_UPDATE",
  "data": {
    "dataType": "object",
    "isArray": false,
    "keys": [
      "receivedPendingNotifications"
    ]
  }
}
----
[2026-04-07T16:31:36.041Z]
{
  "action": "webhook_post_result",
  "url": "https://localhost/bebots/webhook/wapi",
  "instance": "5363511379",
  "type": "CONNECTION_UPDATE",
  "status": 200,
  "response": ""
}
----
[2026-04-07T16:31:36.061Z]
{
  "action": "webhook_post_result",
  "url": "https://localhost/bebots/webhook/wapi",
  "instance": "5363511379",
  "type": "CONNECTION_UPDATE",
  "status": 200,
  "response": ""
}
----
[2026-04-07T16:31:36.081Z]
{
  "action": "webhook_post_result",
  "url": "https://localhost/bebots/webhook/wapi",
  "instance": "5363511379",
  "type": "CONNECTION_UPDATE",
  "status": 200,
  "response": ""
}
----
[2026-04-07T16:31:42.003Z]
{
  "action": "webhook_post_start",
  "url": "https://localhost/bebots/webhook/wapi",
  "instance": "5363511379",
  "type": "CONNECTION_UPDATE",
  "data": {
    "dataType": "object",
    "isArray": false,
    "keys": [
      "connection",
      "receivedPendingNotifications",
      "qr"
    ]
  }
}
----
[2026-04-07T16:31:42.093Z]
{
  "action": "webhook_post_result",
  "url": "https://localhost/bebots/webhook/wapi",
  "instance": "5363511379",
  "type": "CONNECTION_UPDATE",
  "status": 200,
  "response": ""
}
----
[2026-04-07T16:31:43.750Z]
{
  "action": "webhook_post_start",
  "url": "https://localhost/bebots/webhook/wapi",
  "instance": "5363511379",
  "type": "CONNECTION_UPDATE",
  "data": {
    "dataType": "object",
    "isArray": false,
    "keys": [
      "connection",
      "lastDisconnect"
    ]
  }
}
----
[2026-04-07T16:31:43.899Z]
{
  "action": "webhook_post_result",
  "url": "https://localhost/bebots/webhook/wapi",
  "instance": "5363511379",
  "type": "CONNECTION_UPDATE",
  "status": 200,
  "response": ""
}
----
[2026-04-07T16:31:45.287Z]
{
  "action": "webhook_post_start",
  "url": "https://localhost/bebots/webhook/wapi",
  "instance": "5363511379",
  "type": "CONNECTION_UPDATE",
  "data": {
    "dataType": "object",
    "isArray": false,
    "keys": [
      "isOnline"
    ]
  }
}
----
[2026-04-07T16:31:45.288Z]
{
  "action": "webhook_post_start",
  "url": "https://localhost/bebots/webhook/wapi",
  "instance": "5363511379",
  "type": "CONNECTION_UPDATE",
  "data": {
    "dataType": "object",
    "isArray": false,
    "keys": [
      "connection"
    ]
  }
}
----
[2026-04-07T16:31:45.312Z]
{
  "action": "webhook_post_start",
  "url": "https://localhost/bebots/webhook/wapi",
  "instance": "5363511379",
  "type": "CONNECTION_UPDATE",
  "data": {
    "dataType": "object",
    "isArray": false,
    "keys": [
      "receivedPendingNotifications"
    ]
  }
}
----
[2026-04-07T16:31:45.461Z]
{
  "action": "webhook_post_result",
  "url": "https://localhost/bebots/webhook/wapi",
  "instance": "5363511379",
  "type": "CONNECTION_UPDATE",
  "status": 200,
  "response": ""
}
----
[2026-04-07T16:31:45.503Z]
{
  "action": "webhook_post_result",
  "url": "https://localhost/bebots/webhook/wapi",
  "instance": "5363511379",
  "type": "CONNECTION_UPDATE",
  "status": 200,
  "response": ""
}
----
[2026-04-07T16:31:45.516Z]
{
  "action": "webhook_post_result",
  "url": "https://localhost/bebots/webhook/wapi",
  "instance": "5363511379",
  "type": "CONNECTION_UPDATE",
  "status": 200,
  "response": ""
}
----
[2026-04-07T16:31:50.652Z]
{
  "action": "webhook_post_start",
  "url": "https://localhost/bebots/webhook/wapi",
  "instance": "5363511379",
  "type": "CONNECTION_UPDATE",
  "data": {
    "dataType": "object",
    "isArray": false,
    "keys": [
      "connection",
      "receivedPendingNotifications",
      "qr"
    ]
  }
}
----
[2026-04-07T16:31:50.727Z]
{
  "action": "webhook_post_result",
  "url": "https://localhost/bebots/webhook/wapi",
  "instance": "5363511379",
  "type": "CONNECTION_UPDATE",
  "status": 200,
  "response": ""
}
----
[2026-04-07T16:31:52.394Z]
{
  "action": "webhook_post_start",
  "url": "https://localhost/bebots/webhook/wapi",
  "instance": "5363511379",
  "type": "CONNECTION_UPDATE",
  "data": {
    "dataType": "object",
    "isArray": false,
    "keys": [
      "connection",
      "lastDisconnect"
    ]
  }
}
----
[2026-04-07T16:31:52.489Z]
{
  "action": "webhook_post_result",
  "url": "https://localhost/bebots/webhook/wapi",
  "instance": "5363511379",
  "type": "CONNECTION_UPDATE",
  "status": 200,
  "response": ""
}
----
[2026-04-07T16:31:53.355Z]
{
  "action": "webhook_post_start",
  "url": "https://localhost/bebots/webhook/wapi",
  "instance": "5363511379",
  "type": "CONNECTION_UPDATE",
  "data": {
    "dataType": "object",
    "isArray": false,
    "keys": [
      "isOnline"
    ]
  }
}
----
[2026-04-07T16:31:53.356Z]
{
  "action": "webhook_post_start",
  "url": "https://localhost/bebots/webhook/wapi",
  "instance": "5363511379",
  "type": "CONNECTION_UPDATE",
  "data": {
    "dataType": "object",
    "isArray": false,
    "keys": [
      "receivedPendingNotifications"
    ]
  }
}
----
[2026-04-07T16:31:53.356Z]
{
  "action": "webhook_post_start",
  "url": "https://localhost/bebots/webhook/wapi",
  "instance": "5363511379",
  "type": "CONNECTION_UPDATE",
  "data": {
    "dataType": "object",
    "isArray": false,
    "keys": [
      "connection"
    ]
  }
}
----
[2026-04-07T16:31:53.480Z]
{
  "action": "webhook_post_result",
  "url": "https://localhost/bebots/webhook/wapi",
  "instance": "5363511379",
  "type": "CONNECTION_UPDATE",
  "status": 200,
  "response": ""
}
----
[2026-04-07T16:31:53.480Z]
{
  "action": "webhook_post_result",
  "url": "https://localhost/bebots/webhook/wapi",
  "instance": "5363511379",
  "type": "CONNECTION_UPDATE",
  "status": 200,
  "response": ""
}
----
[2026-04-07T16:31:53.490Z]
{
  "action": "webhook_post_result",
  "url": "https://localhost/bebots/webhook/wapi",
  "instance": "5363511379",
  "type": "CONNECTION_UPDATE",
  "status": 200,
  "response": ""
}
----
[2026-04-07T16:32:07.791Z]
{
  "action": "webhook_post_start",
  "url": "https://localhost/bebots/webhook/wapi",
  "instance": "5363511379",
  "type": "CONNECTION_UPDATE",
  "data": {
    "dataType": "object",
    "isArray": false,
    "keys": [
      "connection",
      "receivedPendingNotifications",
      "qr"
    ]
  }
}
----
[2026-04-07T16:32:07.837Z]
{
  "action": "webhook_post_result",
  "url": "https://localhost/bebots/webhook/wapi",
  "instance": "5363511379",
  "type": "CONNECTION_UPDATE",
  "status": 200,
  "response": ""
}
----
[2026-04-07T16:32:20.981Z]
{
  "action": "webhook_post_start",
  "url": "https://localhost/bebots/webhook/wapi",
  "instance": "5363511379",
  "type": "CONNECTION_UPDATE",
  "data": {
    "dataType": "object",
    "isArray": false,
    "keys": [
      "connection",
      "lastDisconnect"
    ]
  }
}
----
[2026-04-07T16:32:21.031Z]
{
  "action": "webhook_post_result",
  "url": "https://localhost/bebots/webhook/wapi",
  "instance": "5363511379",
  "type": "CONNECTION_UPDATE",
  "status": 200,
  "response": ""
}
----
